Activity Date,Process Date,Settle Date,Instrument,Description,Trans Code,Quantity,Price,Amount
11/28/23,11/28/23,11/29/23,COIN,COIN 12/1/2023 Call $130.00,STO,1,$2.30 ,$229.95 
11/28/23,11/28/23,11/29/23,COIN,COIN 12/1/2023 Call $131.00,BTO,1,$2.05 ,($205.03)
11/28/23,11/28/23,11/29/23,TSLA,TSLA 12/1/2023 Put $240.00,STO,1,$3.25 ,$324.95 
11/28/23,11/28/23,11/29/23,TSLA,TSLA 12/1/2023 Put $237.50,BTO,1,$2.36 ,($236.03)
11/28/23,11/28/23,11/29/23,AMD,AMD 12/1/2023 Call $126.00,BTC,3,$0.33 ,($99.09)
11/28/23,11/28/23,11/29/23,AMD,AMD 12/1/2023 Call $127.00,STC,3,$0.20 ,$59.89 
11/27/23,11/27/23,11/28/23,AMD,AMD 12/1/2023 Call $126.00,STO,3,$0.70 ,$209.89 
11/27/23,11/27/23,11/28/23,AMD,AMD 12/1/2023 Call $127.00,BTO,3,$0.49 ,($147.09)
11/27/23,11/27/23,11/28/23,TSLA,TSLA 12/1/2023 Put $240.00,BTC,1,$6.45 ,($645.03)
11/27/23,11/27/23,11/28/23,TSLA,TSLA 12/1/2023 Put $240.00,BTC,1,$6.45 ,($645.03)
11/27/23,11/27/23,11/28/23,TSLA,TSLA 12/1/2023 Put $237.50,STC,1,$5.05 ,$504.95 
11/27/23,11/27/23,11/28/23,TSLA,TSLA 12/1/2023 Put $237.50,STC,1,$5.05 ,$504.95 
11/27/23,11/27/23,11/28/23,TSLA,TSLA 12/1/2023 Put $240.00,STO,2,$6.15 ,"$1,229.92 "
11/27/23,11/27/23,11/28/23,TSLA,TSLA 12/1/2023 Put $237.50,BTO,2,$4.85 ,($970.06)
11/24/23,11/24/23,11/27/23,TSLA,TSLA 11/24/2023 Call $245.00,BTC,1,$0.04 ,($4.03)
11/24/23,11/24/23,11/27/23,TSLA,TSLA 11/24/2023 Put $227.50,BTC,1,$0.19 ,($19.03)
11/24/23,11/24/23,11/27/23,TSLA,TSLA 11/24/2023 Call $247.50,STC,1,$0.01 ,$0.95 
11/24/23,11/24/23,11/27/23,TSLA,TSLA 11/24/2023 Put $225.00,STC,1,$0.07 ,$6.95 
11/22/23,11/22/23,11/22/23,,Instant bank transfer - withdrawal fee,RTP,,,($0.38)
11/22/23,11/22/23,11/22/23,,Instant bank transfer - account ending in 0175,RTP,,,($24.62)
11/21/23,11/21/23,11/22/23,TSLA,TSLA 11/24/2023 Call $245.00,STO,1,$1.11 ,$110.95 
11/21/23,11/21/23,11/22/23,TSLA,TSLA 11/24/2023 Put $227.50,STO,1,$1.24 ,$123.95 
11/21/23,11/21/23,11/22/23,TSLA,TSLA 11/24/2023 Call $247.50,BTO,1,$0.79 ,($79.03)
11/21/23,11/21/23,11/22/23,TSLA,TSLA 11/24/2023 Put $225.00,BTO,1,$0.83 ,($83.03)
11/17/23,11/17/23,11/20/23,NVDA,NVDA 11/17/2023 Put $492.50,STC,1,$3.25 ,$324.95 
11/17/23,11/17/23,11/20/23,NVDA,NVDA 11/17/2023 Put $492.50,STC,1,$3.25 ,$324.95 
11/17/23,11/17/23,11/20/23,NVDA,NVDA 11/17/2023 Put $495.00,BTC,1,$5.08 ,($508.03)
11/17/23,11/17/23,11/20/23,NVDA,NVDA 11/17/2023 Put $495.00,BTC,1,$5.08 ,($508.03)
11/16/23,11/16/23,11/17/23,NVDA,NVDA 11/17/2023 Put $492.50,BTO,2,$2.83 ,($566.06)
11/16/23,11/16/23,11/17/23,NVDA,NVDA 11/17/2023 Put $495.00,STO,2,$3.93 ,$785.92 
11/16/23,11/16/23,11/17/23,NVDA,NVDA 11/17/2023 Call $497.50,BTC,2,$2.69 ,($538.06)
11/16/23,11/16/23,11/17/23,NVDA,NVDA 11/17/2023 Call $500.00,STC,2,$1.86 ,$371.92 
11/16/23,11/16/23,11/17/23,NVDA,NVDA 11/17/2023 Call $497.50,STO,1,$1.32 ,$131.95 
11/16/23,11/16/23,11/17/23,NVDA,NVDA 11/17/2023 Call $497.50,STO,1,$1.32 ,$131.95 
11/16/23,11/16/23,11/17/23,NVDA,NVDA 11/17/2023 Call $500.00,BTO,1,$0.97 ,($97.03)
11/16/23,11/16/23,11/17/23,NVDA,NVDA 11/17/2023 Call $500.00,BTO,1,$0.97 ,($97.03)
11/16/23,11/16/23,11/17/23,NVDA,NVDA 11/17/2023 Call $507.50,STC,2,$0.41 ,$81.92 
11/16/23,11/16/23,11/17/23,NVDA,NVDA 11/17/2023 Call $505.00,BTC,2,$0.57 ,($114.06)
11/14/23,11/14/23,11/15/23,NVDA,NVDA 11/17/2023 Call $505.00,STO,2,$4.63 ,$925.92 
11/14/23,11/14/23,11/15/23,NVDA,NVDA 11/17/2023 Call $507.50,BTO,2,$3.92 ,($784.06)
11/14/23,11/14/23,11/15/23,TSLA,TSLA 11/17/2023 Put $215.00,BTC,1,$0.43 ,($43.03)
11/14/23,11/14/23,11/15/23,TSLA,TSLA 11/17/2023 Put $212.50,STC,1,$0.30 ,$29.95 
11/13/23,11/13/23,11/14/23,TSLA,TSLA 11/17/2023 Put $215.00,STO,1,$2.03 ,$202.95 
11/13/23,11/13/23,11/14/23,TSLA,TSLA 11/17/2023 Put $212.50,BTO,1,$1.51 ,($151.03)
11/8/23,11/8/23,11/9/23,NVDA,NVDA 11/10/2023 Call $470.00,BTC,1,$4.43 ,($443.03)
11/8/23,11/8/23,11/9/23,NVDA,NVDA 11/10/2023 Call $475.00,STC,1,$2.53 ,$252.95 
11/8/23,11/8/23,11/9/23,NVDA,NVDA 11/10/2023 Call $470.00,STO,1,$2.53 ,$252.95 
11/8/23,11/8/23,11/9/23,NVDA,NVDA 11/10/2023 Call $475.00,BTO,1,$1.40 ,($140.03)
11/8/23,11/8/23,11/9/23,AMD,AMD 11/10/2023 Call $116.00,STC,1,$0.55 ,$54.95 
11/8/23,11/8/23,11/9/23,AMD,AMD 11/10/2023 Call $115.00,BTC,1,$0.85 ,($85.03)
11/8/23,11/8/23,11/9/23,AMD,AMD 11/10/2023 Call $116.00,STC,1,$0.52 ,$51.95 
11/8/23,11/8/23,11/9/23,AMD,AMD 11/10/2023 Call $116.00,STC,1,$0.52 ,$51.95 
11/8/23,11/8/23,11/9/23,AMD,AMD 11/10/2023 Call $115.00,BTC,1,$0.81 ,($81.03)
11/8/23,11/8/23,11/9/23,AMD,AMD 11/10/2023 Call $115.00,BTC,1,$0.81 ,($81.03)
11/8/23,11/8/23,11/9/23,AMD,AMD 11/10/2023 Call $116.00,BTO,1,$0.54 ,($54.03)
11/8/23,11/8/23,11/9/23,AMD,AMD 11/10/2023 Call $116.00,BTO,1,$0.54 ,($54.03)
11/8/23,11/8/23,11/9/23,AMD,AMD 11/10/2023 Call $116.00,BTO,1,$0.54 ,($54.03)
11/8/23,11/8/23,11/9/23,AMD,AMD 11/10/2023 Call $115.00,STO,1,$0.80 ,$79.95 
11/8/23,11/8/23,11/9/23,AMD,AMD 11/10/2023 Call $115.00,STO,1,$0.80 ,$79.95 
11/8/23,11/8/23,11/9/23,AMD,AMD 11/10/2023 Call $115.00,STO,1,$0.80 ,$79.95 
11/3/23,11/3/23,11/6/23,COIN,COIN 11/3/2023 Call $85.00,BTC,6,$1.85 ,"($1,110.18)"
11/3/23,11/3/23,11/6/23,COIN,COIN 11/3/2023 Call $86.00,STC,6,$1.23 ,$737.80 
11/3/23,11/3/23,11/6/23,COIN,COIN 11/3/2023 Put $76.00,STC,1,$0.07 ,$6.95 
11/3/23,11/3/23,11/6/23,COIN,COIN 11/3/2023 Put $77.00,BTC,1,$0.12 ,($12.03)
11/3/23,11/3/23,11/6/23,COIN,COIN 11/3/2023 Put $77.00,BTC,1,$0.12 ,($12.03)
11/3/23,11/3/23,11/6/23,COIN,COIN 11/3/2023 Put $76.00,STC,1,$0.07 ,$6.95 
11/2/23,11/2/23,11/3/23,COIN,COIN 11/3/2023 Put $76.00,BTO,1,$1.11 ,($111.03)
11/2/23,11/2/23,11/3/23,COIN,COIN 11/3/2023 Put $76.00,BTO,1,$1.11 ,($111.03)
11/2/23,11/2/23,11/3/23,COIN,COIN 11/3/2023 Put $77.00,STO,1,$1.27 ,$126.95 
11/2/23,11/2/23,11/3/23,COIN,COIN 11/3/2023 Put $77.00,STO,1,$1.27 ,$126.95 
11/2/23,11/2/23,11/3/23,COIN,COIN 11/3/2023 Call $85.00,STO,6,$2.28 ,"$1,367.79 "
11/2/23,11/2/23,11/3/23,COIN,COIN 11/3/2023 Call $86.00,BTO,6,$1.90 ,"($1,140.18)"
11/2/23,11/2/23,11/3/23,NFLX,NFLX 11/3/2023 Put $412.50,STC,1,$0.43 ,$42.95 
11/2/23,11/2/23,11/3/23,NFLX,NFLX 11/3/2023 Put $415.00,BTC,1,$0.71 ,($71.03)
11/2/23,11/2/23,11/3/23,NVDA,NVDA 11/3/2023 Put $410.00,BTC,1,$0.16 ,($16.03)
11/2/23,11/2/23,11/3/23,NVDA,NVDA 11/3/2023 Put $407.50,STC,1,$0.10 ,$9.95 
11/1/23,11/1/23,11/2/23,NFLX,NFLX 11/3/2023 Put $412.50,BTO,1,$1.95 ,($195.03)
11/1/23,11/1/23,11/2/23,NFLX,NFLX 11/3/2023 Put $415.00,STO,1,$2.65 ,$264.95 
11/1/23,11/1/23,11/2/23,NVDA,NVDA 11/3/2023 Put $410.00,STO,1,$3.10 ,$309.95 
11/1/23,11/1/23,11/2/23,NVDA,NVDA 11/3/2023 Put $407.50,BTO,1,$2.48 ,($248.03)
10/31/23,10/31/23,10/31/23,,Interest Payment,INT,,,$0.07 
10/31/23,10/31/23,11/1/23,NVDA,NVDA 11/3/2023 Call $417.50,STC,2,$2.23 ,$445.92 
10/31/23,10/31/23,11/1/23,NVDA,NVDA 11/3/2023 Call $415.00,BTC,2,$2.88 ,($576.06)
10/30/23,10/30/23,10/31/23,NVDA,NVDA 11/3/2023 Call $417.50,BTO,2,$4.61 ,($922.06)
10/30/23,10/30/23,10/31/23,NVDA,NVDA 11/3/2023 Call $415.00,STO,2,$5.52 ,"$1,103.92 "
10/30/23,10/30/23,10/31/23,,ACH Deposit,ACH,,,$60.00 
10/27/23,10/27/23,10/30/23,,ACH Withdrawal,ACH,,,($150.00)
10/27/23,10/27/23,10/30/23,NVDA,NVDA 10/27/2023 Call $405.00,STC,1,$0.39 ,$38.95 
10/27/23,10/27/23,10/30/23,NVDA,NVDA 10/27/2023 Call $400.00,BTC,1,$2.90 ,($290.03)
10/27/23,10/27/23,10/30/23,NVDA,NVDA 10/27/2023 Call $405.00,BTO,1,$0.44 ,($44.03)
10/27/23,10/27/23,10/30/23,NVDA,NVDA 10/27/2023 Call $400.00,STO,1,$2.46 ,$245.95 
10/27/23,10/27/23,10/30/23,NVDA,NVDA 10/27/2023 Call $415.00,BTC,2,$0.17 ,($34.06)
10/27/23,10/27/23,10/30/23,NVDA,NVDA 10/27/2023 Call $417.50,STC,2,$0.07 ,$13.92 
10/26/23,10/26/23,10/27/23,NVDA,NVDA 10/27/2023 Call $415.00,STO,2,$1.60 ,$319.92 
10/26/23,10/26/23,10/27/23,NVDA,NVDA 10/27/2023 Call $417.50,BTO,2,$1.15 ,($230.06)
10/25/23,10/25/23,10/26/23,NVDA,NVDA 10/27/2023 Call $427.50,BTC,2,$5.22 ,"($1,044.06)"
10/25/23,10/25/23,10/26/23,NVDA,NVDA 10/27/2023 Call $430.00,STC,2,$4.12 ,$823.92 
10/25/23,10/25/23,10/26/23,NVDA,NVDA 10/27/2023 Call $427.50,BTC,1,$4.60 ,($460.03)
10/25/23,10/25/23,10/26/23,NVDA,NVDA 10/27/2023 Call $430.00,STC,1,$3.65 ,$364.95 
10/25/23,10/25/23,10/26/23,NVDA,NVDA 10/27/2023 Call $427.50,STO,3,$7.15 ,"$2,144.88 "
10/25/23,10/25/23,10/26/23,NVDA,NVDA 10/27/2023 Call $430.00,BTO,3,$5.85 ,"($1,755.09)"
10/25/23,10/25/23,10/26/23,TSLA,TSLA 10/27/2023 Put $212.50,STC,2,$1.39 ,$277.92 
10/25/23,10/25/23,10/26/23,TSLA,TSLA 10/27/2023 Put $215.00,BTC,2,$2.04 ,($408.06)
10/23/23,10/23/23,10/24/23,TSLA,TSLA 10/27/2023 Put $212.50,BTO,2,$3.71 ,($742.00)
10/23/23,10/23/23,10/24/23,TSLA,TSLA 10/27/2023 Put $215.00,STO,2,$4.74 ,$947.98 
10/23/23,10/23/23,10/23/23,,Instant bank transfer - account ending in 0175,RTP,,,($11.82)
10/23/23,10/23/23,10/23/23,,Instant bank transfer - withdrawal fee,RTP,,,($0.18)
10/23/23,10/23/23,10/23/23,,Instant bank transfer - withdrawal fee,RTP,,,($1.95)
10/23/23,10/23/23,10/23/23,,Instant bank transfer - account ending in 0175,RTP,,,($128.05)
10/23/23,10/23/23,10/23/23,,Instant bank transfer - withdrawal fee,RTP,,,($4.68)
10/23/23,10/23/23,10/23/23,,Instant bank transfer - account ending in 0175,RTP,,,($307.09)
10/20/23,10/20/23,10/23/23,NVDA,Option Expiration for NVDA 10/20/2023 Call $425.00,OEXP,3,,
10/20/23,10/20/23,10/23/23,NVDA,Option Expiration for NVDA 10/20/2023 Call $427.50,OEXP,3S,,
10/20/23,10/20/23,10/23/23,,ACH Deposit,ACH,,,$20.00 
10/20/23,10/20/23,10/23/23,NVDA,NVDA 10/20/2023 Put $412.50,BTC,3,$0.07 ,($21.00)
10/20/23,10/20/23,10/23/23,NVDA,NVDA 10/20/2023 Put $410.00,STC,3,$0.01 ,$2.98 
10/20/23,10/20/23,10/23/23,NVDA,NVDA 10/20/2023 Call $425.00,STO,3,$0.43 ,$128.98 
10/20/23,10/20/23,10/23/23,NVDA,NVDA 10/20/2023 Put $412.50,STO,3,$0.95 ,$284.98 
10/20/23,10/20/23,10/23/23,NVDA,NVDA 10/20/2023 Call $427.50,BTO,3,$0.24 ,($72.00)
10/20/23,10/20/23,10/23/23,NVDA,NVDA 10/20/2023 Put $410.00,BTO,3,$0.56 ,($168.00)
10/20/23,10/20/23,10/23/23,TSLA,TSLA 10/20/2023 Call $225.00,BTC,1,$0.07 ,($7.00)
10/20/23,10/20/23,10/23/23,TSLA,TSLA 10/20/2023 Call $225.00,BTC,1,$0.07 ,($7.00)
10/20/23,10/20/23,10/23/23,TSLA,TSLA 10/20/2023 Call $227.50,STC,1,$0.03 ,$2.98 
10/20/23,10/20/23,10/23/23,TSLA,TSLA 10/20/2023 Call $227.50,STC,1,$0.03 ,$2.98 
10/19/23,10/19/23,10/20/23,TSLA,TSLA 10/20/2023 Call $225.00,STO,1,$1.07 ,$106.98 
10/19/23,10/19/23,10/20/23,TSLA,TSLA 10/20/2023 Call $225.00,STO,1,$1.07 ,$106.98 
10/19/23,10/19/23,10/20/23,TSLA,TSLA 10/20/2023 Call $227.50,BTO,1,$0.62 ,($62.00)
10/19/23,10/19/23,10/20/23,TSLA,TSLA 10/20/2023 Call $227.50,BTO,1,$0.62 ,($62.00)
10/19/23,10/19/23,10/20/23,META,META 10/20/2023 Call $317.50,STC,3,$1.26 ,$377.98 
10/19/23,10/19/23,10/20/23,META,META 10/20/2023 Call $315.00,BTC,3,$2.11 ,($633.00)
10/19/23,10/19/23,10/20/23,META,META 10/20/2023 Call $317.50,BTO,3,$3.02 ,($906.00)
10/19/23,10/19/23,10/20/23,META,META 10/20/2023 Call $315.00,STO,3,$4.41 ,"$1,322.97 "
10/19/23,10/19/23,10/20/23,TSLA,TSLA 10/20/2023 Call $257.50,BTC,1,$0.05 ,($5.00)
10/19/23,10/19/23,10/20/23,TSLA,TSLA 10/20/2023 Call $260.00,STC,1,$0.03 ,$2.98 
10/18/23,10/18/23,10/19/23,TSLA,TSLA 10/20/2023 Call $257.50,STO,1,$3.30 ,$329.98 
10/18/23,10/18/23,10/19/23,TSLA,TSLA 10/20/2023 Call $260.00,BTO,1,$2.70 ,($270.00)
10/18/23,10/18/23,10/19/23,META,META 10/20/2023 Put $305.00,STC,1,$0.42 ,$41.98 
10/18/23,10/18/23,10/19/23,META,META 10/20/2023 Call $330.00,BTC,1,$1.11 ,($111.00)
10/18/23,10/18/23,10/19/23,META,META 10/20/2023 Call $332.50,STC,1,$0.69 ,$68.98 
10/18/23,10/18/23,10/19/23,META,META 10/20/2023 Put $307.50,BTC,1,$0.59 ,($59.00)
10/16/23,10/16/23,10/17/23,META,META 10/20/2023 Call $332.50,BTO,1,$0.89 ,($89.00)
10/16/23,10/16/23,10/17/23,META,META 10/20/2023 Call $330.00,STO,1,$1.33 ,$132.98 
10/16/23,10/16/23,10/17/23,META,META 10/20/2023 Put $307.50,STO,1,$0.89 ,$88.98 
10/16/23,10/16/23,10/17/23,META,META 10/20/2023 Put $305.00,BTO,1,$0.68 ,($68.00)
10/16/23,10/16/23,10/17/23,,ACH Deposit,ACH,,,$269.00 
9/15/23,9/15/23,9/18/23,,ACH Deposit,ACH,,,$1.00 
9/15/23,9/15/23,9/18/23,,ACH Deposit,ACH,,,$1.00 
8/16/23,8/16/23,8/17/23,,ACH Withdrawal,ACH,,,($110.35)
8/11/23,8/11/23,8/14/23,TSLA,TSLA 8/11/2023 Put $247.50,STC,1,$6.90 ,$689.98 
8/11/23,8/11/23,8/14/23,TSLA,TSLA 8/11/2023 Put $247.50,STC,7,$6.90 ,"$4,829.94 "
8/11/23,8/11/23,8/14/23,TSLA,TSLA 8/11/2023 Put $250.00,BTC,7,$9.35 ,"($6,545.00)"
8/11/23,8/11/23,8/14/23,TSLA,TSLA 8/11/2023 Put $250.00,BTC,1,$9.35 ,($935.00)
8/10/23,8/10/23,8/11/23,TSLA,TSLA 8/11/2023 Put $247.50,BTO,1,$2.15 ,($215.00)
8/10/23,8/10/23,8/11/23,TSLA,TSLA 8/11/2023 Put $247.50,BTO,7,$2.15 ,"($1,505.00)"
8/10/23,8/10/23,8/11/23,TSLA,TSLA 8/11/2023 Put $250.00,STO,7,$3.35 ,"$2,344.96 "
8/10/23,8/10/23,8/11/23,TSLA,TSLA 8/11/2023 Put $250.00,STO,1,$3.35 ,$334.98 
8/10/23,8/10/23,8/11/23,META,META 8/11/2023 Put $295.00,BTC,8,$0.10 ,($80.00)
8/10/23,8/10/23,8/11/23,META,META 8/11/2023 Call $315.00,STC,8,$1.56 ,"$1,247.97 "
8/10/23,8/10/23,8/11/23,META,META 8/11/2023 Call $312.50,BTC,8,$2.65 ,"($2,120.00)"
8/10/23,8/10/23,8/11/23,META,META 8/11/2023 Put $292.50,STC,8,$0.06 ,$47.97 
8/9/23,8/9/23,8/10/23,META,META 8/11/2023 Put $292.50,BTO,4,$0.78 ,($312.00)
8/9/23,8/9/23,8/10/23,META,META 8/11/2023 Put $295.00,STO,4,$1.17 ,$467.98 
8/9/23,8/9/23,8/10/23,META,META 8/11/2023 Call $315.00,BTO,4,$0.59 ,($236.00)
8/9/23,8/9/23,8/10/23,META,META 8/11/2023 Call $312.50,STO,4,$0.93 ,$371.98 
8/9/23,8/9/23,8/10/23,META,META 8/11/2023 Put $292.50,BTO,4,$0.78 ,($312.00)
8/9/23,8/9/23,8/10/23,META,META 8/11/2023 Put $295.00,STO,4,$1.17 ,$467.98 
8/9/23,8/9/23,8/10/23,META,META 8/11/2023 Call $315.00,BTO,4,$0.59 ,($236.00)
8/9/23,8/9/23,8/10/23,META,META 8/11/2023 Call $312.50,STO,4,$0.93 ,$371.98 
8/9/23,8/9/23,8/10/23,META,META 8/11/2023 Call $322.50,BTC,5,$0.16 ,($80.00)
8/9/23,8/9/23,8/10/23,META,META 8/11/2023 Call $322.50,BTC,5,$0.16 ,($80.00)
8/9/23,8/9/23,8/10/23,META,META 8/11/2023 Call $325.00,STC,5,$0.10 ,$49.98 
8/9/23,8/9/23,8/10/23,META,META 8/11/2023 Call $325.00,STC,5,$0.10 ,$49.98 
8/9/23,8/9/23,8/10/23,META,META 8/11/2023 Put $300.00,STC,5,$2.59 ,"$1,294.97 "
8/9/23,8/9/23,8/10/23,META,META 8/11/2023 Put $300.00,STC,5,$2.59 ,"$1,294.97 "
8/9/23,8/9/23,8/10/23,META,META 8/11/2023 Put $302.50,BTC,5,$3.62 ,"($1,810.00)"
8/9/23,8/9/23,8/10/23,META,META 8/11/2023 Put $302.50,BTC,5,$3.62 ,"($1,810.00)"
8/8/23,8/8/23,8/9/23,META,META 8/11/2023 Call $322.50,STO,10,$1.12 ,"$1,119.97 "
8/8/23,8/8/23,8/9/23,META,META 8/11/2023 Call $325.00,BTO,10,$0.73 ,($730.00)
8/8/23,8/8/23,8/9/23,META,META 8/11/2023 Put $300.00,BTO,10,$0.84 ,($840.00)
8/8/23,8/8/23,8/9/23,META,META 8/11/2023 Put $302.50,STO,10,$1.18 ,"$1,179.97 "
8/8/23,8/8/23,8/9/23,TSLA,TSLA 8/11/2023 Put $235.00,BTC,1,$0.84 ,($84.00)
8/8/23,8/8/23,8/9/23,TSLA,TSLA 8/11/2023 Put $232.50,STC,1,$0.56 ,$55.98 
8/8/23,8/8/23,8/9/23,TSLA,TSLA 8/11/2023 Call $260.00,BTC,1,$1.12 ,($112.00)
8/8/23,8/8/23,8/9/23,TSLA,TSLA 8/11/2023 Call $262.50,STC,1,$0.78 ,$77.98 
8/8/23,8/8/23,8/9/23,TSLA,TSLA 8/11/2023 Put $235.00,BTC,2,$0.84 ,($168.00)
8/8/23,8/8/23,8/9/23,TSLA,TSLA 8/11/2023 Put $235.00,BTC,2,$0.84 ,($168.00)
8/8/23,8/8/23,8/9/23,TSLA,TSLA 8/11/2023 Put $235.00,BTC,2,$0.84 ,($168.00)
8/8/23,8/8/23,8/9/23,TSLA,TSLA 8/11/2023 Put $232.50,STC,2,$0.56 ,$111.98 
8/8/23,8/8/23,8/9/23,TSLA,TSLA 8/11/2023 Put $232.50,STC,2,$0.56 ,$111.98 
8/8/23,8/8/23,8/9/23,TSLA,TSLA 8/11/2023 Put $232.50,STC,2,$0.56 ,$111.98 
8/8/23,8/8/23,8/9/23,TSLA,TSLA 8/11/2023 Call $260.00,BTC,2,$1.12 ,($224.00)
8/8/23,8/8/23,8/9/23,TSLA,TSLA 8/11/2023 Call $260.00,BTC,2,$1.12 ,($224.00)
8/8/23,8/8/23,8/9/23,TSLA,TSLA 8/11/2023 Call $260.00,BTC,2,$1.12 ,($224.00)
8/8/23,8/8/23,8/9/23,TSLA,TSLA 8/11/2023 Call $262.50,STC,2,$0.78 ,$155.98 
8/8/23,8/8/23,8/9/23,TSLA,TSLA 8/11/2023 Call $262.50,STC,2,$0.78 ,$155.98 
8/8/23,8/8/23,8/9/23,TSLA,TSLA 8/11/2023 Call $262.50,STC,2,$0.78 ,$155.98 
8/7/23,8/7/23,8/8/23,TSLA,TSLA 8/11/2023 Put $242.50,STC,3,$3.02 ,$905.98 
8/7/23,8/7/23,8/8/23,TSLA,TSLA 8/11/2023 Call $272.50,STC,3,$0.39 ,$116.98 
8/7/23,8/7/23,8/8/23,TSLA,TSLA 8/11/2023 Call $270.00,BTC,3,$0.51 ,($153.00)
8/7/23,8/7/23,8/8/23,TSLA,TSLA 8/11/2023 Put $245.00,BTC,3,$3.95 ,"($1,185.00)"
8/7/23,8/7/23,8/8/23,TSLA,TSLA 8/11/2023 Put $235.00,STO,7,$1.52 ,"$1,063.97 "
8/7/23,8/7/23,8/8/23,TSLA,TSLA 8/11/2023 Put $232.50,BTO,7,$1.13 ,($791.00)
8/7/23,8/7/23,8/8/23,TSLA,TSLA 8/11/2023 Call $260.00,STO,7,$1.52 ,"$1,063.97 "
8/7/23,8/7/23,8/8/23,TSLA,TSLA 8/11/2023 Call $262.50,BTO,7,$1.14 ,($798.00)
8/7/23,8/7/23,8/8/23,TSLA,TSLA 8/11/2023 Put $242.50,STC,1,$3.42 ,$341.98 
8/7/23,8/7/23,8/8/23,TSLA,TSLA 8/11/2023 Call $272.50,STC,1,$0.39 ,$38.98 
8/7/23,8/7/23,8/8/23,TSLA,TSLA 8/11/2023 Call $270.00,BTC,1,$0.52 ,($52.00)
8/7/23,8/7/23,8/8/23,TSLA,TSLA 8/11/2023 Put $242.50,STC,1,$3.42 ,$341.98 
8/7/23,8/7/23,8/8/23,TSLA,TSLA 8/11/2023 Put $242.50,STC,2,$3.42 ,$683.98 
8/7/23,8/7/23,8/8/23,TSLA,TSLA 8/11/2023 Call $272.50,STC,1,$0.39 ,$38.98 
8/7/23,8/7/23,8/8/23,TSLA,TSLA 8/11/2023 Call $272.50,STC,2,$0.39 ,$77.98 
8/7/23,8/7/23,8/8/23,TSLA,TSLA 8/11/2023 Call $270.00,BTC,1,$0.52 ,($52.00)
8/7/23,8/7/23,8/8/23,TSLA,TSLA 8/11/2023 Call $270.00,BTC,2,$0.52 ,($104.00)
8/7/23,8/7/23,8/8/23,TSLA,TSLA 8/11/2023 Put $245.00,BTC,1,$4.40 ,($440.00)
8/7/23,8/7/23,8/8/23,TSLA,TSLA 8/11/2023 Put $245.00,BTC,1,$4.40 ,($440.00)
8/7/23,8/7/23,8/8/23,TSLA,TSLA 8/11/2023 Put $245.00,BTC,2,$4.40 ,($880.00)
8/7/23,8/7/23,8/8/23,TSLA,TSLA 8/11/2023 Put $242.50,STC,2,$3.42 ,$683.98 
8/7/23,8/7/23,8/8/23,TSLA,TSLA 8/11/2023 Put $242.50,STC,3,$3.42 ,"$1,025.98 "
8/7/23,8/7/23,8/8/23,TSLA,TSLA 8/11/2023 Call $272.50,STC,2,$0.39 ,$77.98 
8/7/23,8/7/23,8/8/23,TSLA,TSLA 8/11/2023 Call $272.50,STC,3,$0.39 ,$116.98 
8/7/23,8/7/23,8/8/23,TSLA,TSLA 8/11/2023 Call $270.00,BTC,2,$0.52 ,($104.00)
8/7/23,8/7/23,8/8/23,TSLA,TSLA 8/11/2023 Call $270.00,BTC,3,$0.52 ,($156.00)
8/7/23,8/7/23,8/8/23,TSLA,TSLA 8/11/2023 Put $245.00,BTC,3,$4.40 ,"($1,320.00)"
8/7/23,8/7/23,8/8/23,TSLA,TSLA 8/11/2023 Put $245.00,BTC,2,$4.40 ,($880.00)
8/4/23,8/4/23,8/7/23,TSLA,TSLA 8/11/2023 Put $242.50,BTO,12,$1.16 ,"($1,392.00)"
8/4/23,8/4/23,8/7/23,TSLA,TSLA 8/11/2023 Call $272.50,BTO,12,$1.71 ,"($2,052.00)"
8/4/23,8/4/23,8/7/23,TSLA,TSLA 8/11/2023 Call $270.00,STO,12,$2.18 ,"$2,615.94 "
8/4/23,8/4/23,8/7/23,TSLA,TSLA 8/11/2023 Put $245.00,STO,12,$1.55 ,"$1,859.95 "
8/4/23,8/4/23,8/7/23,,ACH Withdrawal,ACH,,,"($1,250.00)"
8/4/23,8/4/23,8/7/23,META,META 8/4/2023 Put $302.50,STC,14,$0.03 ,$41.96 
8/4/23,8/4/23,8/7/23,META,META 8/4/2023 Put $305.00,BTC,14,$0.08 ,($112.00)
8/4/23,8/4/23,8/7/23,META,META 8/4/2023 Call $317.50,BTC,14,$0.38 ,($532.00)
8/4/23,8/4/23,8/7/23,META,META 8/4/2023 Call $320.00,STC,14,$0.13 ,$181.96 
8/3/23,8/3/23,8/4/23,META,META 8/4/2023 Put $302.50,BTO,5,$0.54 ,($270.00)
8/3/23,8/3/23,8/4/23,META,META 8/4/2023 Put $302.50,BTO,4,$0.54 ,($216.00)
8/3/23,8/3/23,8/4/23,META,META 8/4/2023 Put $302.50,BTO,5,$0.54 ,($270.00)
8/3/23,8/3/23,8/4/23,META,META 8/4/2023 Put $305.00,STO,5,$0.83 ,$414.98 
8/3/23,8/3/23,8/4/23,META,META 8/4/2023 Put $305.00,STO,5,$0.83 ,$414.98 
8/3/23,8/3/23,8/4/23,META,META 8/4/2023 Put $305.00,STO,4,$0.83 ,$331.98 
8/3/23,8/3/23,8/4/23,META,META 8/4/2023 Call $317.50,STO,5,$1.33 ,$664.98 
8/3/23,8/3/23,8/4/23,META,META 8/4/2023 Call $317.50,STO,4,$1.33 ,$531.98 
8/3/23,8/3/23,8/4/23,META,META 8/4/2023 Call $317.50,STO,5,$1.33 ,$664.98 
8/3/23,8/3/23,8/4/23,META,META 8/4/2023 Call $320.00,BTO,4,$0.78 ,($312.00)
8/3/23,8/3/23,8/4/23,META,META 8/4/2023 Call $320.00,BTO,5,$0.78 ,($390.00)
8/3/23,8/3/23,8/4/23,META,META 8/4/2023 Call $320.00,BTO,5,$0.78 ,($390.00)
8/3/23,8/3/23,8/4/23,META,META 8/4/2023 Put $307.50,STC,1,$1.31 ,$130.98 
8/3/23,8/3/23,8/4/23,META,META 8/4/2023 Put $307.50,STC,1,$1.31 ,$130.98 
8/3/23,8/3/23,8/4/23,META,META 8/4/2023 Put $310.00,BTC,2,$2.06 ,($412.00)
8/3/23,8/3/23,8/4/23,META,META 8/4/2023 Call $332.50,STC,12,$0.06 ,$71.96 
8/3/23,8/3/23,8/4/23,META,META 8/4/2023 Put $307.50,STC,12,$1.19 ,"$1,427.95 "
8/3/23,8/3/23,8/4/23,META,META 8/4/2023 Call $330.00,BTC,12,$0.09 ,($108.00)
8/3/23,8/3/23,8/4/23,META,META 8/4/2023 Put $310.00,BTC,12,$1.91 ,"($2,292.00)"
8/2/23,8/2/23,8/3/23,META,META 8/4/2023 Call $332.50,STC,1,$0.10 ,$9.98 
8/2/23,8/2/23,8/3/23,META,META 8/4/2023 Call $330.00,BTC,1,$0.17 ,($17.00)
8/2/23,8/2/23,8/3/23,META,META 8/4/2023 Call $332.50,STC,1,$0.10 ,$9.98 
8/2/23,8/2/23,8/3/23,META,META 8/4/2023 Call $330.00,BTC,1,$0.17 ,($17.00)
8/1/23,8/1/23,8/2/23,META,META 8/4/2023 Call $332.50,BTO,14,$0.71 ,($994.00)
8/1/23,8/1/23,8/2/23,META,META 8/4/2023 Put $307.50,BTO,14,$0.82 ,"($1,148.00)"
8/1/23,8/1/23,8/2/23,META,META 8/4/2023 Call $330.00,STO,14,$1.03 ,"$1,441.95 "
8/1/23,8/1/23,8/2/23,META,META 8/4/2023 Put $310.00,STO,14,$1.20 ,"$1,679.95 "
8/1/23,8/1/23,8/2/23,META,META 8/4/2023 Call $320.00,BTC,12,$3.51 ,"($4,212.00)"
8/1/23,8/1/23,8/2/23,META,META 8/4/2023 Call $322.50,STC,12,$2.58 ,"$3,095.94 "
8/1/23,8/1/23,8/2/23,META,META 8/4/2023 Call $320.00,BTC,4,$3.55 ,"($1,420.00)"
8/1/23,8/1/23,8/2/23,META,META 8/4/2023 Call $322.50,STC,4,$2.62 ,"$1,047.98 "
7/28/23,7/28/23,7/31/23,META,META 8/4/2023 Call $320.00,STO,11,$6.35 ,"$6,984.91 "
7/28/23,7/28/23,7/31/23,META,META 8/4/2023 Call $322.50,BTO,11,$5.20 ,"($5,720.00)"
7/28/23,7/28/23,7/31/23,,ACH Deposit,ACH,,,"$1,500.00 "
7/28/23,7/28/23,7/31/23,META,META 8/4/2023 Call $320.00,STO,5,$5.95 ,"$2,974.96 "
7/28/23,7/28/23,7/31/23,META,META 8/4/2023 Call $322.50,BTO,5,$4.85 ,"($2,425.00)"
7/28/23,7/28/23,7/31/23,AMD,AMD 7/28/2023 Put $108.00,STC,3,$0.02 ,$5.98 
7/28/23,7/28/23,7/31/23,AMD,AMD 7/28/2023 Put $108.00,STC,2,$0.02 ,$3.98 
7/28/23,7/28/23,7/31/23,AMD,AMD 7/28/2023 Put $109.00,BTC,5,$0.04 ,($20.00)
7/28/23,7/28/23,7/31/23,AMD,AMD 7/28/2023 Put $108.00,STC,1,$0.02 ,$1.98 
7/28/23,7/28/23,7/31/23,AMD,AMD 7/28/2023 Put $109.00,BTC,1,$0.04 ,($4.00)
7/28/23,7/28/23,7/28/23,,Gold Fee,GOLD,,,($5.00)
7/27/23,7/27/23,7/28/23,AMD,AMD 7/28/2023 Put $108.00,STC,1,$0.04 ,$3.98 
7/27/23,7/27/23,7/28/23,AMD,AMD 7/28/2023 Put $109.00,BTC,1,$0.07 ,($7.00)
7/27/23,7/27/23,7/28/23,META,META 7/28/2023 Call $312.50,STC,1,$11.52 ,"$1,151.98 "
7/27/23,7/27/23,7/28/23,META,META 7/28/2023 Call $310.00,BTC,1,$13.72 ,"($1,372.00)"
7/26/23,7/26/23,7/27/23,META,META 7/28/2023 Call $312.50,BTO,1,$7.20 ,($720.00)
7/26/23,7/26/23,7/27/23,META,META 7/28/2023 Call $310.00,STO,1,$8.00 ,$799.98 
7/26/23,7/26/23,7/27/23,META,META 7/28/2023 Put $290.00,BTC,1,$10.68 ,"($1,068.00)"
7/26/23,7/26/23,7/27/23,META,META 7/28/2023 Put $287.50,STC,1,$9.58 ,$957.98 
7/24/23,7/24/23,7/25/23,META,META 7/28/2023 Put $290.00,STO,1,$12.04 ,"$1,203.98 "
7/24/23,7/24/23,7/25/23,META,META 7/28/2023 Put $287.50,BTO,1,$10.89 ,"($1,089.00)"
7/24/23,7/24/23,7/25/23,META,META 7/28/2023 Call $307.50,STC,1,$8.42 ,$841.98 
7/24/23,7/24/23,7/25/23,META,META 7/28/2023 Call $305.00,BTC,1,$9.27 ,($927.00)
7/24/23,7/24/23,7/25/23,AMD,AMD 7/28/2023 Put $108.00,BTO,2,$1.26 ,($252.00)
7/24/23,7/24/23,7/25/23,AMD,AMD 7/28/2023 Put $109.00,STO,2,$1.61 ,$321.98 
7/24/23,7/24/23,7/25/23,COIN,COIN 7/28/2023 Put $100.00,BTC,4,$5.00 ,"($2,000.00)"
7/24/23,7/24/23,7/25/23,COIN,COIN 7/28/2023 Put $99.00,STC,4,$4.35 ,"$1,739.97 "
7/21/23,7/21/23,7/24/23,TSLA,TSLA 7/21/2023 Put $300.00,OASGN,1,,
7/21/23,7/21/23,7/25/23,TSLA,"Tesla
CUSIP: 88160R101
1 TSLA Option Assigned",Buy,100,$300.00 ,"($30,000.00)"
7/21/23,7/21/23,7/24/23,TSLA,TSLA 7/21/2023 Put $280.00,OEXCS,1S,,
7/21/23,7/21/23,7/25/23,TSLA,"Tesla
CUSIP: 88160R101
1 TSLA Option Exercised",Sell,100,$280.00 ,"$27,999.76 "
7/21/23,7/21/23,7/24/23,COIN,COIN 7/28/2023 Put $100.00,STO,4,$3.86 ,"$1,543.97 "
7/21/23,7/21/23,7/24/23,COIN,COIN 7/28/2023 Put $99.00,BTO,4,$3.43 ,"($1,372.00)"
7/21/23,7/21/23,7/24/23,META,META 7/28/2023 Call $305.00,STO,1,$12.37 ,"$1,236.98 "
7/21/23,7/21/23,7/24/23,META,META 7/28/2023 Call $307.50,BTO,1,$11.41 ,"($1,141.00)"
7/21/23,7/21/23,7/24/23,AMD,AMD 7/28/2023 Put $108.00,BTO,1,$1.65 ,($165.00)
7/21/23,7/21/23,7/24/23,AMD,AMD 7/28/2023 Put $109.00,STO,1,$2.02 ,$201.98 
7/21/23,7/21/23,7/24/23,AMD,AMD 7/28/2023 Put $108.00,BTO,2,$1.65 ,($330.00)
7/21/23,7/21/23,7/24/23,AMD,AMD 7/28/2023 Put $109.00,STO,2,$2.02 ,$403.98 
7/21/23,7/21/23,7/24/23,AMD,AMD 7/28/2023 Put $108.00,BTO,2,$1.65 ,($330.00)
7/21/23,7/21/23,7/24/23,AMD,AMD 7/28/2023 Put $109.00,STO,2,$2.02 ,$403.98 
7/21/23,7/21/23,7/24/23,CRWD,CRWD 7/21/2023 Put $150.00,BTC,4,$1.02 ,($408.00)
7/21/23,7/21/23,7/24/23,CRWD,CRWD 7/21/2023 Put $149.00,STC,4,$0.56 ,$223.98 
7/20/23,7/20/23,7/21/23,TSLA,TSLA 7/21/2023 Call $325.00,STC,1,$0.10 ,$9.98 
7/20/23,7/20/23,7/21/23,TSLA,TSLA 7/21/2023 Call $300.00,BTC,1,$0.41 ,($41.00)
7/19/23,7/19/23,7/20/23,CRWD,CRWD 7/21/2023 Put $150.00,STO,1,$0.30 ,$29.98 
7/19/23,7/19/23,7/20/23,CRWD,CRWD 7/21/2023 Put $150.00,STO,1,$0.30 ,$29.98 
7/19/23,7/19/23,7/20/23,CRWD,CRWD 7/21/2023 Put $149.00,BTO,1,$0.23 ,($23.00)
7/19/23,7/19/23,7/20/23,CRWD,CRWD 7/21/2023 Put $149.00,BTO,1,$0.23 ,($23.00)
7/19/23,7/19/23,7/20/23,CRWD,CRWD 7/21/2023 Put $150.00,STO,1,$0.30 ,$29.98 
7/19/23,7/19/23,7/20/23,CRWD,CRWD 7/21/2023 Put $150.00,STO,1,$0.30 ,$29.98 
7/19/23,7/19/23,7/20/23,CRWD,CRWD 7/21/2023 Put $149.00,BTO,1,$0.23 ,($23.00)
7/19/23,7/19/23,7/20/23,CRWD,CRWD 7/21/2023 Put $149.00,BTO,1,$0.23 ,($23.00)
7/19/23,7/19/23,7/20/23,TSLA,TSLA 7/21/2023 Call $300.00,STO,1,$10.45 ,"$1,044.98 "
7/19/23,7/19/23,7/20/23,TSLA,TSLA 7/21/2023 Put $300.00,STO,1,$11.55 ,"$1,154.98 "
7/19/23,7/19/23,7/20/23,TSLA,TSLA 7/21/2023 Put $280.00,BTO,1,$3.40 ,($340.00)
7/19/23,7/19/23,7/20/23,TSLA,TSLA 7/21/2023 Call $325.00,BTO,1,$3.30 ,($330.00)
7/19/23,7/19/23,7/20/23,TSLA,TSLA 7/21/2023 Put $270.00,BTC,5,$1.69 ,($845.00)
7/19/23,7/19/23,7/20/23,TSLA,TSLA 7/21/2023 Put $267.50,STC,5,$1.39 ,$694.98 
7/19/23,7/19/23,7/20/23,TSLA,TSLA 7/21/2023 Put $270.00,BTC,1,$1.69 ,($169.00)
7/19/23,7/19/23,7/20/23,TSLA,TSLA 7/21/2023 Put $267.50,STC,1,$1.39 ,$138.98 
7/14/23,7/14/23,7/17/23,TSLA,TSLA 7/21/2023 Put $270.00,STO,1,$6.69 ,$668.98 
7/14/23,7/14/23,7/17/23,TSLA,TSLA 7/21/2023 Put $270.00,STO,5,$6.69 ,"$3,344.96 "
7/14/23,7/14/23,7/17/23,TSLA,TSLA 7/21/2023 Put $267.50,BTO,1,$5.77 ,($577.00)
7/14/23,7/14/23,7/17/23,TSLA,TSLA 7/21/2023 Put $267.50,BTO,5,$5.77 ,"($2,885.00)"
7/14/23,7/14/23,7/17/23,TSLA,TSLA 7/14/2023 Put $267.50,STC,4,$0.04 ,$15.98 
7/14/23,7/14/23,7/17/23,TSLA,TSLA 7/14/2023 Put $270.00,BTC,4,$0.09 ,($36.00)
7/13/23,7/13/23,7/14/23,TSLA,TSLA 7/14/2023 Put $270.00,STO,4,$2.29 ,$915.98 
7/13/23,7/13/23,7/14/23,TSLA,TSLA 7/14/2023 Put $267.50,BTO,4,$1.41 ,($564.00)
7/13/23,7/13/23,7/14/23,AMD,AMD 7/14/2023 Put $114.00,BTC,10,$1.00 ,"($1,000.00)"
7/13/23,7/13/23,7/14/23,AMD,AMD 7/14/2023 Put $113.00,STC,10,$0.60 ,$599.97 
7/10/23,7/10/23,7/11/23,AMD,AMD 7/14/2023 Put $113.00,BTO,10,$1.78 ,"($1,780.00)"
7/10/23,7/10/23,7/11/23,AMD,AMD 7/14/2023 Put $114.00,STO,10,$2.28 ,"$2,279.96 "
7/7/23,7/7/23,7/10/23,NVDA,NVDA 7/7/2023 Call $422.50,STC,30,$6.59 ,"$19,769.77 "
7/7/23,7/7/23,7/10/23,NVDA,NVDA 7/7/2023 Call $420.00,BTC,30,$9.04 ,"($27,120.00)"
7/6/23,7/6/23,7/7/23,NVDA,NVDA 7/7/2023 Call $422.50,BTO,30,$1.97 ,"($5,910.00)"
7/6/23,7/6/23,7/7/23,NVDA,NVDA 7/7/2023 Call $420.00,STO,30,$2.67 ,"$8,009.86 "
7/6/23,7/6/23,7/7/23,TSLA,TSLA 7/7/2023 Put $275.00,BTC,7,$2.86 ,"($2,002.00)"
7/6/23,7/6/23,7/7/23,TSLA,TSLA 7/7/2023 Put $272.50,STC,7,$1.93 ,"$1,350.96 "
7/6/23,7/6/23,7/7/23,META,META 7/7/2023 Put $292.50,STC,45,$2.93 ,"$13,184.78 "
7/6/23,7/6/23,7/7/23,META,META 7/7/2023 Put $295.00,BTC,45,$4.48 ,"($20,160.00)"
7/5/23,7/5/23,7/6/23,META,META 7/7/2023 Put $292.50,BTO,45,$4.59 ,"($20,655.00)"
7/5/23,7/5/23,7/6/23,META,META 7/7/2023 Put $295.00,STO,45,$6.19 ,"$27,854.66 "
7/5/23,7/5/23,7/6/23,COIN,COIN 7/7/2023 Put $74.00,STC,45,$1.06 ,"$4,769.85 "
7/5/23,7/5/23,7/6/23,COIN,COIN 7/7/2023 Put $75.00,BTC,45,$1.44 ,"($6,480.00)"
7/5/23,7/5/23,7/6/23,COIN,COIN 7/7/2023 Put $74.00,STC,10,$1.28 ,"$1,279.96 "
7/5/23,7/5/23,7/6/23,COIN,COIN 7/7/2023 Put $75.00,BTC,10,$1.68 ,"($1,680.00)"
7/3/23,7/3/23,7/5/23,TSLA,TSLA 7/7/2023 Put $275.00,STO,1,$4.15 ,$414.98 
7/3/23,7/3/23,7/5/23,TSLA,TSLA 7/7/2023 Put $272.50,BTO,1,$3.20 ,($320.00)
7/3/23,7/3/23,7/5/23,TSLA,TSLA 7/7/2023 Put $275.00,STO,6,$3.74 ,"$2,243.97 "
7/3/23,7/3/23,7/5/23,TSLA,TSLA 7/7/2023 Put $272.50,BTO,6,$2.89 ,"($1,734.00)"
7/3/23,7/3/23,7/5/23,,ACH Deposit,ACH,,,"$2,000.00 "
7/3/23,7/3/23,7/5/23,COIN,COIN 7/7/2023 Put $74.00,BTO,55,$1.93 ,"($10,615.00)"
7/3/23,7/3/23,7/5/23,COIN,COIN 7/7/2023 Put $75.00,STO,55,$2.38 ,"$13,089.76 "
7/3/23,7/3/23,7/5/23,SPY,SPY 7/5/2023 Put $438.00,STC,2,$0.15 ,$29.98 
7/3/23,7/3/23,7/5/23,SPY,SPY 7/5/2023 Put $438.00,STC,1,$0.15 ,$14.98 
7/3/23,7/3/23,7/5/23,SPY,SPY 7/5/2023 Put $438.00,STC,4,$0.15 ,$59.98 
7/3/23,7/3/23,7/5/23,SPY,SPY 7/5/2023 Put $438.00,STC,4,$0.15 ,$59.98 
7/3/23,7/3/23,7/5/23,SPY,SPY 7/3/2023 Put $440.00,BTC,11,$0.06 ,($66.00)
7/3/23,7/3/23,7/5/23,META,META 7/7/2023 Put $282.50,STC,4,$2.05 ,$819.98 
7/3/23,7/3/23,7/5/23,META,META 7/7/2023 Put $282.50,STC,2,$2.02 ,$403.98 
7/3/23,7/3/23,7/5/23,META,META 7/7/2023 Put $285.00,BTC,2,$3.02 ,($604.00)
7/3/23,7/3/23,7/5/23,META,META 7/7/2023 Put $285.00,BTC,4,$3.05 ,"($1,220.00)"
6/30/23,6/30/23,6/30/23,,Interest Payment,INT,,,$9.16 
6/30/23,6/30/23,7/3/23,SPY,SPY 7/5/2023 Put $438.00,BTO,11,$0.38 ,($418.00)
6/30/23,6/30/23,7/3/23,SPY,SPY 7/3/2023 Put $440.00,STO,11,$0.44 ,$483.96 
6/30/23,6/30/23,7/3/23,META,META 7/7/2023 Put $282.50,BTO,2,$2.38 ,($476.00)
6/30/23,6/30/23,7/3/23,META,META 7/7/2023 Put $282.50,BTO,2,$2.38 ,($476.00)
6/30/23,6/30/23,7/3/23,META,META 7/7/2023 Put $282.50,BTO,1,$2.38 ,($238.00)
6/30/23,6/30/23,7/3/23,META,META 7/7/2023 Put $282.50,BTO,1,$2.38 ,($238.00)
6/30/23,6/30/23,7/3/23,META,META 7/7/2023 Put $285.00,STO,2,$3.30 ,$659.98 
6/30/23,6/30/23,7/3/23,META,META 7/7/2023 Put $285.00,STO,2,$3.30 ,$659.98 
6/30/23,6/30/23,7/3/23,META,META 7/7/2023 Put $285.00,STO,1,$3.30 ,$329.98 
6/30/23,6/30/23,7/3/23,META,META 7/7/2023 Put $285.00,STO,1,$3.30 ,$329.98 
6/30/23,6/30/23,7/3/23,ADBE,ADBE 6/30/2023 Put $475.00,BTC,6,$0.13 ,($78.00)
6/30/23,6/30/23,7/3/23,ADBE,ADBE 6/30/2023 Put $470.00,STC,6,$0.08 ,$47.98 
6/29/23,6/29/23,6/30/23,ADBE,ADBE 6/30/2023 Put $475.00,STO,6,$0.90 ,$539.98 
6/29/23,6/29/23,6/30/23,ADBE,ADBE 6/30/2023 Put $470.00,BTO,6,$0.42 ,($252.00)
6/29/23,6/29/23,6/30/23,COIN,COIN 6/30/2023 Call $70.00,BTC,43,$4.07 ,"($17,501.00)"
6/29/23,6/29/23,6/30/23,COIN,COIN 6/30/2023 Call $70.00,BTC,100,$4.08 ,"($40,800.00)"
6/29/23,6/29/23,6/30/23,COIN,COIN 6/30/2023 Call $71.00,STC,100,$3.28 ,"$32,799.49 "
6/29/23,6/29/23,6/30/23,COIN,COIN 6/30/2023 Call $71.00,STC,43,$3.27 ,"$14,060.78 "
6/28/23,6/28/23,6/29/23,COIN,COIN 6/30/2023 Call $70.00,STO,79,$2.82 ,"$22,277.63 "
6/28/23,6/28/23,6/29/23,COIN,COIN 6/30/2023 Call $71.00,BTO,79,$2.29 ,"($18,091.00)"
6/28/23,6/28/23,6/29/23,COIN,COIN 6/30/2023 Call $70.00,STO,24,$3.15 ,"$7,559.87 "
6/28/23,6/28/23,6/29/23,COIN,COIN 6/30/2023 Call $71.00,BTO,24,$2.60 ,"($6,240.00)"
6/28/23,6/28/23,6/29/23,META,META 6/30/2023 Call $290.00,STC,7,$1.67 ,"$1,168.97 "
6/28/23,6/28/23,6/29/23,META,META 6/30/2023 Call $290.00,STC,6,$1.67 ,"$1,001.98 "
6/28/23,6/28/23,6/29/23,META,META 6/30/2023 Call $290.00,STC,4,$1.67 ,$667.98 
6/28/23,6/28/23,6/29/23,META,META 6/30/2023 Call $290.00,STC,11,$1.67 ,"$1,836.95 "
6/28/23,6/28/23,6/29/23,META,META 6/30/2023 Call $290.00,BTO,28,$2.74 ,"($7,672.00)"
6/28/23,6/28/23,6/29/23,COIN,COIN 6/30/2023 Call $70.00,STO,10,$3.57 ,"$3,569.95 "
6/28/23,6/28/23,6/29/23,COIN,COIN 6/30/2023 Call $71.00,BTO,10,$3.02 ,"($3,020.00)"
6/28/23,6/28/23,6/29/23,COIN,COIN 6/30/2023 Call $70.00,STO,30,$2.47 ,"$7,409.87 "
6/28/23,6/28/23,6/29/23,COIN,COIN 6/30/2023 Call $71.00,BTO,30,$2.05 ,"($6,150.00)"
6/28/23,6/28/23,6/28/23,,Gold Fee,GOLD,,,($5.00)
6/27/23,6/27/23,6/28/23,,ACH Withdrawal,ACH,,,($23.00)
6/27/23,6/27/23,6/28/23,,ACH Withdrawal,ACH,,,($800.00)
6/27/23,6/27/23,6/28/23,TSLA,TSLA 6/30/2023 Put $235.00,STC,45,$1.52 ,"$6,839.83 "
6/27/23,6/27/23,6/28/23,TSLA,TSLA 6/30/2023 Put $235.00,STC,1,$1.52 ,$151.98 
6/27/23,6/27/23,6/28/23,TSLA,TSLA 6/30/2023 Put $235.00,STC,1,$1.52 ,$151.98 
6/27/23,6/27/23,6/28/23,TSLA,TSLA 6/30/2023 Put $235.00,STC,3,$1.52 ,$455.98 
6/27/23,6/27/23,6/28/23,TSLA,TSLA 6/30/2023 Put $235.00,BTO,37,$3.30 ,"($12,210.00)"
6/27/23,6/27/23,6/28/23,TSLA,TSLA 6/30/2023 Put $235.00,BTO,5,$3.30 ,"($1,650.00)"
6/27/23,6/27/23,6/28/23,TSLA,TSLA 6/30/2023 Put $235.00,BTO,4,$3.30 ,"($1,320.00)"
6/27/23,6/27/23,6/28/23,TSLA,TSLA 6/30/2023 Put $235.00,BTO,4,$3.30 ,"($1,320.00)"
6/26/23,6/26/23,6/27/23,CRWD,CRWD 6/30/2023 Put $139.00,STC,5,$1.08 ,$539.98 
6/26/23,6/26/23,6/27/23,CRWD,CRWD 6/30/2023 Put $140.00,BTC,5,$1.42 ,($710.00)
6/26/23,6/26/23,6/27/23,META,META 6/30/2023 Put $282.50,STC,10,$5.27 ,"$5,269.93 "
6/26/23,6/26/23,6/27/23,META,META 6/30/2023 Put $285.00,BTC,10,$6.77 ,"($6,770.00)"
6/26/23,6/26/23,6/27/23,TSLA,TSLA 6/30/2023 Call $257.50,STC,65,$2.45 ,"$15,924.71 "
6/26/23,6/26/23,6/27/23,TSLA,TSLA 6/30/2023 Call $257.50,STC,22,$2.45 ,"$5,389.90 "
6/26/23,6/26/23,6/27/23,TSLA,TSLA 6/30/2023 Call $257.50,STC,8,$2.45 ,"$1,959.96 "
6/26/23,6/26/23,6/27/23,TSLA,TSLA 6/30/2023 Call $255.00,BTC,22,$3.05 ,"($6,710.00)"
6/26/23,6/26/23,6/27/23,TSLA,TSLA 6/30/2023 Call $255.00,BTC,8,$3.05 ,"($2,440.00)"
6/26/23,6/26/23,6/27/23,TSLA,TSLA 6/30/2023 Call $255.00,BTC,65,$3.05 ,"($19,825.00)"
6/26/23,6/26/23,6/27/23,TSLA,TSLA 6/30/2023 Call $257.50,BTO,9,$5.53 ,"($4,977.00)"
6/26/23,6/26/23,6/27/23,TSLA,TSLA 6/30/2023 Call $257.50,BTO,4,$5.53 ,"($2,212.00)"
6/26/23,6/26/23,6/27/23,TSLA,TSLA 6/30/2023 Call $257.50,BTO,4,$5.53 ,"($2,212.00)"
6/26/23,6/26/23,6/27/23,TSLA,TSLA 6/30/2023 Call $257.50,BTO,4,$5.53 ,"($2,212.00)"
6/26/23,6/26/23,6/27/23,TSLA,TSLA 6/30/2023 Call $257.50,BTO,4,$5.53 ,"($2,212.00)"
6/26/23,6/26/23,6/27/23,TSLA,TSLA 6/30/2023 Call $257.50,BTO,4,$5.53 ,"($2,212.00)"
6/26/23,6/26/23,6/27/23,TSLA,TSLA 6/30/2023 Call $257.50,BTO,4,$5.53 ,"($2,212.00)"
6/26/23,6/26/23,6/27/23,TSLA,TSLA 6/30/2023 Call $257.50,BTO,4,$5.53 ,"($2,212.00)"
6/26/23,6/26/23,6/27/23,TSLA,TSLA 6/30/2023 Call $255.00,STO,4,$6.58 ,"$2,631.96 "
6/26/23,6/26/23,6/27/23,TSLA,TSLA 6/30/2023 Call $255.00,STO,4,$6.58 ,"$2,631.96 "
6/26/23,6/26/23,6/27/23,TSLA,TSLA 6/30/2023 Call $255.00,STO,4,$6.58 ,"$2,631.96 "
6/26/23,6/26/23,6/27/23,TSLA,TSLA 6/30/2023 Call $255.00,STO,9,$6.58 ,"$5,921.93 "
6/26/23,6/26/23,6/27/23,TSLA,TSLA 6/30/2023 Call $255.00,STO,4,$6.58 ,"$2,631.96 "
6/26/23,6/26/23,6/27/23,TSLA,TSLA 6/30/2023 Call $255.00,STO,4,$6.58 ,"$2,631.96 "
6/26/23,6/26/23,6/27/23,TSLA,TSLA 6/30/2023 Call $255.00,STO,4,$6.58 ,"$2,631.96 "
6/26/23,6/26/23,6/27/23,TSLA,TSLA 6/30/2023 Call $257.50,BTO,4,$5.53 ,"($2,212.00)"
6/26/23,6/26/23,6/27/23,TSLA,TSLA 6/30/2023 Call $257.50,BTO,54,$5.53 ,"($29,862.00)"
6/26/23,6/26/23,6/27/23,TSLA,TSLA 6/30/2023 Call $255.00,STO,4,$6.58 ,"$2,631.96 "
6/26/23,6/26/23,6/27/23,TSLA,TSLA 6/30/2023 Call $255.00,STO,54,$6.58 ,"$35,531.58 "
6/26/23,6/26/23,6/27/23,TSLA,TSLA 6/30/2023 Call $255.00,STO,4,$6.58 ,"$2,631.96 "
6/23/23,6/23/23,6/26/23,META,META 6/30/2023 Put $282.50,BTO,3,$3.25 ,($975.00)
6/23/23,6/23/23,6/26/23,META,META 6/30/2023 Put $285.00,STO,3,$4.30 ,"$1,289.97 "
6/23/23,6/23/23,6/26/23,TSLA,TSLA 6/30/2023 Put $260.00,BTC,20,$7.61 ,"($15,220.00)"
6/23/23,6/23/23,6/26/23,TSLA,TSLA 6/30/2023 Put $260.00,BTC,20,$7.61 ,"($15,220.00)"
6/23/23,6/23/23,6/26/23,TSLA,TSLA 6/30/2023 Put $260.00,BTC,20,$7.61 ,"($15,220.00)"
6/23/23,6/23/23,6/26/23,TSLA,TSLA 6/30/2023 Put $260.00,BTC,20,$7.61 ,"($15,220.00)"
6/23/23,6/23/23,6/26/23,TSLA,TSLA 6/30/2023 Put $257.50,STC,20,$6.33 ,"$12,659.84 "
6/23/23,6/23/23,6/26/23,TSLA,TSLA 6/30/2023 Put $257.50,STC,20,$6.33 ,"$12,659.84 "
6/23/23,6/23/23,6/26/23,TSLA,TSLA 6/30/2023 Put $257.50,STC,20,$6.33 ,"$12,659.84 "
6/23/23,6/23/23,6/26/23,TSLA,TSLA 6/30/2023 Put $257.50,STC,20,$6.33 ,"$12,659.84 "
6/23/23,6/23/23,6/26/23,TSLA,TSLA 6/30/2023 Put $260.00,BTC,20,$7.61 ,"($15,220.00)"
6/23/23,6/23/23,6/26/23,TSLA,TSLA 6/30/2023 Put $257.50,STC,20,$6.33 ,"$12,659.84 "
6/23/23,6/23/23,6/26/23,TSLA,TSLA 6/30/2023 Put $260.00,STO,30,$6.33 ,"$18,989.77 "
6/23/23,6/23/23,6/26/23,TSLA,TSLA 6/30/2023 Put $260.00,STO,30,$6.33 ,"$18,989.77 "
6/23/23,6/23/23,6/26/23,TSLA,TSLA 6/30/2023 Put $257.50,BTO,30,$5.23 ,"($15,690.00)"
6/23/23,6/23/23,6/26/23,TSLA,TSLA 6/30/2023 Put $257.50,BTO,30,$5.23 ,"($15,690.00)"
6/23/23,6/23/23,6/26/23,TSLA,TSLA 6/30/2023 Put $260.00,STO,40,$6.33 ,"$25,319.69 "
6/23/23,6/23/23,6/26/23,TSLA,TSLA 6/30/2023 Put $257.50,BTO,40,$5.23 ,"($20,920.00)"
6/23/23,6/23/23,6/26/23,COIN,COIN 6/30/2023 Call $55.00,BTC,10,$7.07 ,"($7,070.00)"
6/23/23,6/23/23,6/26/23,COIN,COIN 6/30/2023 Call $58.00,STC,10,$4.77 ,"$4,769.94 "
6/23/23,6/23/23,6/26/23,META,META 6/30/2023 Call $300.00,STC,1,$1.70 ,$169.98 
6/23/23,6/23/23,6/26/23,META,META 6/30/2023 Call $300.00,STC,90,$1.70 ,"$15,299.65 "
6/23/23,6/23/23,6/26/23,META,META 6/30/2023 Call $300.00,STC,1,$1.70 ,$169.98 
6/23/23,6/23/23,6/26/23,META,META 6/30/2023 Call $300.00,BTO,24,$0.99 ,"($2,376.00)"
6/23/23,6/23/23,6/26/23,META,META 6/30/2023 Call $300.00,BTO,1,$0.99 ,($99.00)
6/23/23,6/23/23,6/26/23,META,META 6/30/2023 Call $300.00,BTO,1,$0.99 ,($99.00)
6/23/23,6/23/23,6/26/23,META,META 6/30/2023 Call $300.00,BTO,36,$0.99 ,"($3,564.00)"
6/23/23,6/23/23,6/26/23,META,META 6/30/2023 Call $300.00,BTO,30,$0.99 ,"($2,970.00)"
6/23/23,6/23/23,6/26/23,CRWD,CRWD 6/30/2023 Put $139.00,BTO,2,$1.36 ,($272.00)
6/23/23,6/23/23,6/26/23,CRWD,CRWD 6/30/2023 Put $139.00,BTO,3,$1.36 ,($408.00)
6/23/23,6/23/23,6/26/23,CRWD,CRWD 6/30/2023 Put $140.00,STO,3,$1.66 ,$497.98 
6/23/23,6/23/23,6/26/23,CRWD,CRWD 6/30/2023 Put $140.00,STO,2,$1.66 ,$331.98 
6/23/23,6/23/23,6/26/23,META,META 6/30/2023 Put $282.50,BTO,7,$4.54 ,"($3,178.00)"
6/23/23,6/23/23,6/26/23,META,META 6/30/2023 Put $285.00,STO,7,$5.79 ,"$4,052.94 "
6/23/23,6/23/23,6/26/23,COIN,COIN 6/30/2023 Call $55.00,STO,10,$3.46 ,"$3,459.95 "
6/23/23,6/23/23,6/26/23,COIN,COIN 6/30/2023 Call $58.00,BTO,10,$2.11 ,"($2,110.00)"
6/23/23,6/23/23,6/26/23,,ACH Withdrawal,ACH,,,($142.01)
6/23/23,6/23/23,6/26/23,AI,AI 6/23/2023 Put $38.00,BTC,3,$3.65 ,"($1,095.00)"
6/23/23,6/23/23,6/26/23,AI,AI 6/23/2023 Put $37.50,STC,3,$3.15 ,$944.98 
6/23/23,6/23/23,6/26/23,AI,AI 6/23/2023 Put $38.00,BTC,1,$4.06 ,($406.00)
6/23/23,6/23/23,6/26/23,AI,AI 6/23/2023 Put $37.50,STC,1,$3.58 ,$357.98 
6/23/23,6/23/23,6/26/23,AI,AI 6/23/2023 Put $38.00,BTC,1,$4.00 ,($400.00)
6/23/23,6/23/23,6/26/23,AI,AI 6/23/2023 Put $37.50,STC,1,$3.50 ,$349.98 
6/23/23,6/23/23,6/26/23,ADBE,ADBE 6/23/2023 Put $480.00,BTC,1,$5.21 ,($521.00)
6/23/23,6/23/23,6/26/23,ADBE,ADBE 6/23/2023 Put $475.00,STC,1,$2.11 ,$210.98 
6/23/23,6/23/23,6/26/23,ADBE,ADBE 6/23/2023 Put $465.00,STC,16,$0.23 ,$367.95 
6/23/23,6/23/23,6/26/23,ADBE,ADBE 6/23/2023 Put $470.00,BTC,4,$0.73 ,($292.00)
6/23/23,6/23/23,6/26/23,ADBE,ADBE 6/23/2023 Put $470.00,BTC,16,$0.73 ,"($1,168.00)"
6/23/23,6/23/23,6/26/23,ADBE,ADBE 6/23/2023 Put $465.00,STC,4,$0.23 ,$91.98 
6/23/23,6/23/23,6/26/23,TSLA,TSLA 6/30/2023 Put $240.00,STC,1,$2.54 ,$253.98 
6/23/23,6/23/23,6/26/23,TSLA,TSLA 6/23/2023 Put $255.00,BTC,1,$2.40 ,($240.00)
6/23/23,6/23/23,6/26/23,AMD,AMD 6/23/2023 Put $112.00,BTC,1,$3.05 ,($305.00)
6/23/23,6/23/23,6/26/23,AMD,AMD 6/30/2023 Put $107.00,STC,1,$1.81 ,$180.98 
6/22/23,6/22/23,6/23/23,CRWD,CRWD 6/23/2023 Put $140.00,BTC,3,$0.24 ,($72.00)
6/22/23,6/22/23,6/23/23,CRWD,CRWD 6/23/2023 Put $139.00,STC,3,$0.15 ,$44.98 
6/22/23,6/22/23,6/23/23,ADBE,ADBE 6/23/2023 Put $465.00,BTO,5,$0.72 ,($360.00)
6/22/23,6/22/23,6/23/23,ADBE,ADBE 6/23/2023 Put $465.00,BTO,15,$0.69 ,"($1,035.00)"
6/22/23,6/22/23,6/23/23,ADBE,ADBE 6/23/2023 Put $470.00,STO,5,$1.47 ,$734.98 
6/22/23,6/22/23,6/23/23,ADBE,ADBE 6/23/2023 Put $470.00,STO,15,$1.44 ,"$2,159.94 "
6/21/23,6/21/23,6/22/23,AI,AI 6/23/2023 Put $38.00,STO,5,$1.35 ,$674.98 
6/21/23,6/21/23,6/22/23,AI,AI 6/23/2023 Put $37.50,BTO,5,$1.15 ,($575.00)
6/21/23,6/21/23,6/22/23,CRWD,CRWD 6/23/2023 Put $140.00,STO,3,$0.59 ,$176.98 
6/21/23,6/21/23,6/22/23,CRWD,CRWD 6/23/2023 Put $139.00,BTO,3,$0.44 ,($132.00)
6/21/23,6/21/23,6/22/23,AMD,AMD 6/23/2023 Put $112.00,STO,1,$1.29 ,$128.98 
6/21/23,6/21/23,6/22/23,AMD,AMD 6/30/2023 Put $107.00,BTO,1,$0.96 ,($96.00)
6/21/23,6/21/23,6/22/23,TSLA,TSLA 6/23/2023 Put $255.00,STO,1,$3.20 ,$319.98 
6/21/23,6/21/23,6/22/23,TSLA,TSLA 6/30/2023 Put $240.00,BTO,1,$2.90 ,($290.00)
6/21/23,6/21/23,6/22/23,ADBE,ADBE 6/23/2023 Put $480.00,STO,1,$6.40 ,$639.98 
6/21/23,6/21/23,6/22/23,ADBE,ADBE 6/23/2023 Put $475.00,BTO,1,$4.00 ,($400.00)
6/21/23,6/21/23,6/22/23,COIN,COIN 6/23/2023 Call $50.00,BTC,1,$7.89 ,($789.00)
6/21/23,6/21/23,6/22/23,COIN,COIN 6/30/2023 Call $56.00,STC,1,$4.04 ,$403.98 
6/21/23,6/21/23,6/22/23,TSLA,TSLA 6/23/2023 Put $250.00,STC,12,$1.10 ,"$1,319.95 "
6/21/23,6/21/23,6/22/23,TSLA,TSLA 6/23/2023 Put $250.00,STC,93,$1.10 ,"$10,229.68 "
6/21/23,6/21/23,6/22/23,TSLA,TSLA 6/23/2023 Put $250.00,BTO,105,$0.80 ,"($8,400.00)"
6/21/23,6/21/23,6/22/23,NVDA,NVDA 6/30/2023 Put $415.00,STC,1,$6.90 ,$689.98 
6/21/23,6/21/23,6/22/23,NVDA,NVDA 6/23/2023 Put $430.00,BTC,1,$8.93 ,($893.00)
6/21/23,6/21/23,6/22/23,CRWD,CRWD 6/23/2023 Put $150.00,BTC,25,$3.97 ,"($9,925.00)"
6/21/23,6/21/23,6/22/23,CRWD,CRWD 6/23/2023 Put $149.00,STC,25,$3.27 ,"$8,174.87 "
6/21/23,6/21/23,6/22/23,ADBE,ADBE 6/30/2023 Put $465.00,STC,3,$2.89 ,$866.98 
6/21/23,6/21/23,6/22/23,ADBE,ADBE 6/23/2023 Put $480.00,BTC,2,$2.87 ,($574.00)
6/21/23,6/21/23,6/22/23,ADBE,ADBE 6/23/2023 Put $480.00,BTC,1,$2.87 ,($287.00)
6/20/23,6/20/23,6/21/23,COIN,COIN 6/23/2023 Call $50.00,BTC,1,$7.89 ,($789.00)
6/20/23,6/20/23,6/21/23,COIN,COIN 6/30/2023 Call $56.00,STC,1,$4.19 ,$418.98 
6/20/23,6/20/23,6/21/23,CRWD,CRWD 6/23/2023 Put $150.00,STO,2,$1.86 ,$371.98 
6/20/23,6/20/23,6/21/23,CRWD,CRWD 6/23/2023 Put $150.00,STO,23,$1.88 ,"$4,323.90 "
6/20/23,6/20/23,6/21/23,CRWD,CRWD 6/23/2023 Put $149.00,BTO,2,$1.49 ,($298.00)
6/20/23,6/20/23,6/21/23,CRWD,CRWD 6/23/2023 Put $149.00,BTO,23,$1.50 ,"($3,450.00)"
6/20/23,6/20/23,6/21/23,ADBE,ADBE 6/23/2023 Put $480.00,STO,3,$5.50 ,"$1,649.97 "
6/20/23,6/20/23,6/21/23,ADBE,ADBE 6/30/2023 Put $465.00,BTO,3,$4.15 ,"($1,245.00)"
6/20/23,6/20/23,6/21/23,NVDA,NVDA 6/30/2023 Put $415.00,BTO,1,$5.73 ,($573.00)
6/20/23,6/20/23,6/21/23,NVDA,NVDA 6/23/2023 Put $430.00,STO,1,$7.01 ,$700.98 
6/20/23,6/20/23,6/21/23,AMD,AMD 6/23/2023 Call $120.00,STC,45,$1.81 ,"$8,144.82 "
6/20/23,6/20/23,6/21/23,AMD,AMD 6/23/2023 Call $120.00,BTO,40,$1.93 ,"($7,720.00)"
6/20/23,6/20/23,6/21/23,AMD,AMD 6/23/2023 Call $120.00,BTO,5,$1.93 ,($965.00)
6/16/23,6/16/23,6/20/23,COIN,COIN 6/16/2023 Call $56.00,STC,1,$0.01 ,$0.98 
6/16/23,6/16/23,6/20/23,COIN,COIN 6/16/2023 Call $56.00,STC,1,$0.02 ,$1.98 
6/16/23,6/16/23,6/20/23,COIN,COIN 6/16/2023 Call $56.00,STC,2,$0.01 ,$1.98 
6/16/23,6/16/23,6/20/23,COIN,COIN 6/16/2023 Call $56.00,STC,1,$0.01 ,$0.98 
6/16/23,6/16/23,6/20/23,COIN,COIN 6/16/2023 Call $55.00,BTC,1,$0.34 ,($34.00)
6/16/23,6/16/23,6/20/23,COIN,COIN 6/16/2023 Call $55.00,BTC,1,$0.34 ,($34.00)
6/16/23,6/16/23,6/20/23,COIN,COIN 6/16/2023 Call $55.00,BTC,2,$0.34 ,($68.00)
6/16/23,6/16/23,6/20/23,COIN,COIN 6/16/2023 Call $56.00,STC,1,$0.01 ,$0.98 
6/16/23,6/16/23,6/20/23,COIN,COIN 6/16/2023 Call $55.00,BTC,1,$0.35 ,($35.00)
6/16/23,6/16/23,6/20/23,COIN,COIN 6/16/2023 Call $55.00,BTC,1,$0.34 ,($34.00)
6/16/23,6/16/23,6/20/23,COIN,COIN 6/23/2023 Call $50.00,STO,1,$5.02 ,$501.98 
6/16/23,6/16/23,6/20/23,COIN,COIN 6/23/2023 Call $50.00,STO,1,$5.02 ,$501.98 
6/16/23,6/16/23,6/20/23,COIN,COIN 6/30/2023 Call $56.00,BTO,1,$2.73 ,($273.00)
6/16/23,6/16/23,6/20/23,COIN,COIN 6/30/2023 Call $56.00,BTO,1,$2.73 ,($273.00)
6/16/23,6/16/23,6/20/23,COIN,COIN 6/16/2023 Call $56.00,BTO,2,$0.21 ,($42.00)
6/16/23,6/16/23,6/20/23,COIN,COIN 6/16/2023 Call $56.00,BTO,3,$0.21 ,($63.00)
6/16/23,6/16/23,6/20/23,COIN,COIN 6/16/2023 Call $55.00,STO,2,$0.46 ,$91.98 
6/16/23,6/16/23,6/20/23,COIN,COIN 6/16/2023 Call $55.00,STO,3,$0.46 ,$137.98 
6/16/23,6/16/23,6/20/23,TSLA,TSLA 6/16/2023 Call $265.00,STC,35,$1.80 ,"$6,299.85 "
6/16/23,6/16/23,6/20/23,TSLA,TSLA 6/16/2023 Call $265.00,BTO,35,$1.58 ,"($5,530.00)"
6/16/23,6/16/23,6/20/23,ADBE,ADBE 6/23/2023 Put $465.00,STC,6,$0.45 ,$269.98 
6/16/23,6/16/23,6/20/23,ADBE,ADBE 6/16/2023 Put $475.00,BTC,3,$0.04 ,($12.00)
6/16/23,6/16/23,6/20/23,ADBE,ADBE 6/16/2023 Put $475.00,BTC,3,$0.04 ,($12.00)
6/15/23,6/15/23,6/16/23,COIN,COIN 6/16/2023 Call $56.00,BTO,1,$0.37 ,($37.00)
6/15/23,6/15/23,6/16/23,COIN,COIN 6/16/2023 Call $55.00,STO,1,$0.65 ,$64.98 
6/14/23,6/14/23,6/15/23,ADBE,ADBE 6/23/2023 Put $465.00,BTO,1,$12.33 ,"($1,233.00)"
6/14/23,6/14/23,6/15/23,ADBE,ADBE 6/23/2023 Put $465.00,BTO,1,$12.35 ,"($1,235.00)"
6/14/23,6/14/23,6/15/23,ADBE,ADBE 6/23/2023 Put $465.00,BTO,2,$12.32 ,"($2,464.00)"
6/14/23,6/14/23,6/15/23,ADBE,ADBE 6/23/2023 Put $465.00,BTO,1,$12.33 ,"($1,233.00)"
6/14/23,6/14/23,6/15/23,ADBE,ADBE 6/23/2023 Put $465.00,BTO,1,$12.33 ,"($1,233.00)"
6/14/23,6/14/23,6/15/23,ADBE,ADBE 6/16/2023 Put $475.00,STO,2,$13.82 ,"$2,763.96 "
6/14/23,6/14/23,6/15/23,ADBE,ADBE 6/16/2023 Put $475.00,STO,1,$13.83 ,"$1,382.97 "
6/14/23,6/14/23,6/15/23,ADBE,ADBE 6/16/2023 Put $475.00,STO,1,$13.85 ,"$1,384.97 "
6/14/23,6/14/23,6/15/23,ADBE,ADBE 6/16/2023 Put $475.00,STO,1,$13.83 ,"$1,382.97 "
6/14/23,6/14/23,6/15/23,ADBE,ADBE 6/16/2023 Put $475.00,STO,1,$13.83 ,"$1,382.97 "
6/14/23,6/14/23,6/15/23,AMD,AMD 6/16/2023 Put $128.00,BTC,7,$3.24 ,"($2,268.00)"
6/14/23,6/14/23,6/15/23,AMD,AMD 6/16/2023 Put $128.00,BTC,6,$3.24 ,"($1,944.00)"
6/14/23,6/14/23,6/15/23,AMD,AMD 6/16/2023 Put $128.00,BTC,2,$3.24 ,($648.00)
6/14/23,6/14/23,6/15/23,AMD,AMD 6/23/2023 Put $124.00,STC,2,$2.58 ,$515.98 
6/14/23,6/14/23,6/15/23,AMD,AMD 6/23/2023 Put $124.00,STC,6,$2.58 ,"$1,547.97 "
6/14/23,6/14/23,6/15/23,AMD,AMD 6/23/2023 Put $124.00,STC,7,$2.58 ,"$1,805.96 "
6/13/23,6/13/23,6/14/23,AMD,AMD 6/16/2023 Put $128.00,STO,15,$3.27 ,"$4,904.92 "
6/13/23,6/13/23,6/14/23,AMD,AMD 6/23/2023 Put $124.00,BTO,15,$2.56 ,"($3,840.00)"
6/13/23,6/13/23,6/14/23,,ACH Deposit,ACH,,,"$8,000.00 "
6/7/23,6/7/23,6/8/23,NVDA,NVDA 6/9/2023 Put $387.50,STC,3,$11.77 ,"$3,530.96 "
6/7/23,6/7/23,6/8/23,NVDA,NVDA 6/9/2023 Put $390.00,BTC,3,$13.97 ,"($4,191.00)"
6/7/23,6/7/23,6/8/23,NVDA,NVDA 6/9/2023 Put $387.50,BTO,3,$3.05 ,($915.00)
6/7/23,6/7/23,6/8/23,NVDA,NVDA 6/9/2023 Put $390.00,STO,3,$4.05 ,"$1,214.98 "
6/7/23,6/7/23,6/8/23,TSLA,TSLA 6/9/2023 Call $222.50,STC,6,$8.23 ,"$4,937.95 "
6/7/23,6/7/23,6/8/23,TSLA,TSLA 6/9/2023 Call $220.00,BTC,6,$10.18 ,"($6,108.00)"
6/5/23,6/5/23,6/6/23,TSLA,TSLA 6/9/2023 Call $222.50,BTO,6,$4.58 ,"($2,748.00)"
6/5/23,6/5/23,6/6/23,TSLA,TSLA 6/9/2023 Call $220.00,STO,6,$5.58 ,"$3,347.96 "
6/2/23,6/2/23,6/5/23,NVDA,NVDA 6/2/2023 Put $395.00,STC,11,$2.05 ,"$2,254.95 "
6/2/23,6/2/23,6/5/23,NVDA,NVDA 6/2/2023 Put $400.00,BTC,11,$6.15 ,"($6,765.00)"
6/1/23,6/1/23,6/2/23,NVDA,NVDA 6/2/2023 Put $395.00,BTO,11,$3.23 ,"($3,553.00)"
6/1/23,6/1/23,6/2/23,NVDA,NVDA 6/2/2023 Put $400.00,STO,11,$5.63 ,"$6,192.92 "
6/1/23,6/1/23,6/2/23,,ACH Deposit,ACH,,,"$2,000.00 "
6/1/23,6/1/23,6/2/23,TSM,TSM 6/2/2023 Call $100.00,BTC,7,$0.80 ,($560.00)
6/1/23,6/1/23,6/2/23,TSM,TSM 6/2/2023 Call $101.00,STC,7,$0.42 ,$293.97 
6/1/23,6/1/23,6/2/23,TSLA,TSLA 6/2/2023 Call $205.00,STC,6,$4.35 ,"$2,609.96 "
6/1/23,6/1/23,6/2/23,TSLA,TSLA 6/2/2023 Call $202.50,BTC,6,$6.20 ,"($3,720.00)"
6/1/23,6/1/23,6/2/23,TSLA,TSLA 6/2/2023 Call $205.00,STC,1,$4.18 ,$417.98 
6/1/23,6/1/23,6/2/23,TSLA,TSLA 6/2/2023 Call $202.50,BTC,1,$5.98 ,($598.00)
6/1/23,6/1/23,6/2/23,TSM,TSM 6/2/2023 Call $100.00,STO,5,$0.71 ,$354.98 
6/1/23,6/1/23,6/2/23,TSM,TSM 6/2/2023 Call $100.00,STO,2,$0.71 ,$141.98 
6/1/23,6/1/23,6/2/23,TSM,TSM 6/2/2023 Call $101.00,BTO,5,$0.39 ,($195.00)
6/1/23,6/1/23,6/2/23,TSM,TSM 6/2/2023 Call $101.00,BTO,2,$0.39 ,($78.00)
6/1/23,6/1/23,6/2/23,TSLA,TSLA 6/2/2023 Put $200.00,STC,7,$0.52 ,$363.97 
6/1/23,6/1/23,6/2/23,TSLA,TSLA 6/2/2023 Put $200.00,BTO,4,$1.40 ,($560.00)
6/1/23,6/1/23,6/2/23,TSLA,TSLA 6/2/2023 Put $200.00,BTO,3,$1.40 ,($420.00)
6/1/23,6/1/23,6/2/23,,ACH Deposit,ACH,,,"$1,000.00 "
5/30/23,5/30/23,5/31/23,TSLA,TSLA 6/2/2023 Call $205.00,BTO,7,$4.91 ,"($3,437.00)"
5/30/23,5/30/23,5/31/23,TSLA,TSLA 6/2/2023 Call $202.50,STO,7,$5.96 ,"$4,171.94 "
5/30/23,5/30/23,5/30/23,,Gold Fee,GOLD,,,($5.00)
5/26/23,5/26/23,5/30/23,TSLA,TSLA 5/26/2023 Call $190.00,BTC,3,$1.33 ,($399.00)
5/26/23,5/26/23,5/30/23,TSLA,TSLA 5/26/2023 Call $192.50,STC,3,$0.53 ,$158.98 
5/25/23,5/25/23,5/26/23,TSLA,TSLA 5/26/2023 Call $190.00,STO,3,$0.45 ,$134.98 
5/25/23,5/25/23,5/26/23,TSLA,TSLA 5/26/2023 Call $192.50,BTO,1,$0.22 ,($22.00)
5/25/23,5/25/23,5/26/23,TSLA,TSLA 5/26/2023 Call $192.50,BTO,1,$0.22 ,($22.00)
5/25/23,5/25/23,5/26/23,TSLA,TSLA 5/26/2023 Call $192.50,BTO,1,$0.22 ,($22.00)
5/25/23,5/25/23,5/26/23,TSLA,TSLA 5/26/2023 Call $187.50,STC,8,$0.92 ,$735.97 
5/25/23,5/25/23,5/26/23,TSLA,TSLA 5/26/2023 Call $185.00,BTC,8,$1.82 ,"($1,456.00)"
5/25/23,5/25/23,5/26/23,TSLA,TSLA 5/26/2023 Call $187.50,BTO,8,$1.09 ,($872.00)
5/25/23,5/25/23,5/26/23,TSLA,TSLA 5/26/2023 Call $185.00,STO,8,$1.95 ,"$1,559.96 "
5/24/23,5/24/23,5/25/23,TSLA,TSLA 5/26/2023 Put $180.00,BTC,4,$3.04 ,"($1,216.00)"
5/24/23,5/24/23,5/25/23,TSLA,TSLA 5/26/2023 Put $175.00,STC,4,$1.24 ,$495.98 
5/24/23,5/24/23,5/25/23,TSLA,TSLA 5/26/2023 Put $180.00,STO,4,$3.50 ,"$1,399.97 "
5/24/23,5/24/23,5/25/23,TSLA,TSLA 5/26/2023 Put $175.00,BTO,4,$1.50 ,($600.00)
5/24/23,5/24/23,5/25/23,TSLA,TSLA 5/26/2023 Put $177.50,STC,6,$1.90 ,"$1,139.98 "
5/24/23,5/24/23,5/25/23,TSLA,TSLA 5/26/2023 Put $177.50,BTO,1,$1.50 ,($150.00)
5/24/23,5/24/23,5/25/23,TSLA,TSLA 5/26/2023 Put $177.50,BTO,2,$1.50 ,($300.00)
5/24/23,5/24/23,5/25/23,TSLA,TSLA 5/26/2023 Put $177.50,BTO,3,$1.50 ,($450.00)
5/24/23,5/24/23,5/24/23,,ACH Deposit,ACH,,,"$1,000.00 "
5/12/23,5/12/23,5/12/23,,Instant bank transfer - withdrawal fee,RTP,,,($0.29)
5/12/23,5/12/23,5/12/23,,Instant bank transfer - account ending in 0175,RTP,,,($18.84)
5/1/23,5/1/23,5/1/23,,Gold Fee,GOLD,,,($5.00)
4/28/23,4/28/23,5/1/23,AMZN,AMZN 4/28/2023 Put $110.00,OASGN,68,,
4/28/23,4/28/23,5/2/23,AMZN,"Amazon
CUSIP: 023135106
68 AMZN Options Assigned",Buy,6800,$110.00 ,"($748,000.00)"
4/28/23,4/28/23,5/1/23,AMZN,AMZN 4/28/2023 Put $109.00,OEXCS,68S,,
4/28/23,4/28/23,5/2/23,AMZN,"Amazon
CUSIP: 023135106
68 AMZN Options Exercised",Sell,6800,$109.00 ,"$741,193.08 "
4/28/23,4/28/23,5/1/23,AMZN,AMZN 4/28/2023 Put $109.00,STC,1,$3.04 ,$303.98 
4/28/23,4/28/23,5/1/23,AMZN,AMZN 4/28/2023 Put $110.00,BTC,1,$4.04 ,($404.00)
4/27/23,4/27/23,4/28/23,AMZN,AMZN 4/28/2023 Put $109.00,BTO,69,$3.47 ,"($23,943.00)"
4/27/23,4/27/23,4/28/23,AMZN,AMZN 4/28/2023 Put $110.00,STO,69,$3.97 ,"$27,392.61 "
4/27/23,4/27/23,4/28/23,MSFT,MSFT 4/28/2023 Call $292.50,STC,1,$10.63 ,"$1,062.98 "
4/27/23,4/27/23,4/28/23,MSFT,MSFT 4/28/2023 Call $292.50,STC,6,$10.63 ,"$6,377.93 "
4/27/23,4/27/23,4/28/23,MSFT,MSFT 4/28/2023 Call $292.50,STC,1,$10.63 ,"$1,062.98 "
4/27/23,4/27/23,4/28/23,MSFT,MSFT 4/28/2023 Call $290.00,BTC,1,$13.08 ,"($1,308.00)"
4/27/23,4/27/23,4/28/23,MSFT,MSFT 4/28/2023 Call $290.00,BTC,6,$13.10 ,"($7,860.00)"
4/27/23,4/27/23,4/28/23,MSFT,MSFT 4/28/2023 Call $290.00,BTC,1,$13.08 ,"($1,308.00)"
4/26/23,4/26/23,4/27/23,META,META 4/28/2023 Call $222.50,STC,2,$4.80 ,$959.98 
4/26/23,4/26/23,4/27/23,META,META 4/28/2023 Call $220.00,BTC,2,$5.65 ,"($1,130.00)"
4/26/23,4/26/23,4/27/23,TSM,TSM 4/28/2023 Call $86.00,STC,8,$0.05 ,$39.97 
4/26/23,4/26/23,4/27/23,TSM,TSM 4/28/2023 Call $85.00,BTC,8,$0.12 ,($96.00)
4/25/23,4/25/23,4/26/23,NVDA,NVDA 4/28/2023 Call $277.50,BTC,1,$0.59 ,($59.00)
4/25/23,4/25/23,4/26/23,NVDA,NVDA 4/28/2023 Call $280.00,STC,1,$0.37 ,$36.98 
4/24/23,4/24/23,4/25/23,TSM,TSM 4/28/2023 Call $86.00,BTO,3,$0.43 ,($129.00)
4/24/23,4/24/23,4/25/23,TSM,TSM 4/28/2023 Call $85.00,STO,3,$0.75 ,$224.98 
4/24/23,4/24/23,4/25/23,MSFT,MSFT 4/28/2023 Call $292.50,BTO,4,$2.01 ,($804.00)
4/24/23,4/24/23,4/25/23,MSFT,MSFT 4/28/2023 Call $290.00,STO,4,$2.64 ,"$1,055.98 "
4/24/23,4/24/23,4/25/23,MSFT,MSFT 4/28/2023 Call $292.50,BTO,4,$1.93 ,($772.00)
4/24/23,4/24/23,4/25/23,MSFT,MSFT 4/28/2023 Call $290.00,STO,4,$2.54 ,"$1,015.98 "
4/24/23,4/24/23,4/25/23,TSM,TSM 4/28/2023 Call $86.00,BTO,5,$0.42 ,($210.00)
4/24/23,4/24/23,4/25/23,TSM,TSM 4/28/2023 Call $85.00,STO,5,$0.72 ,$359.98 
4/24/23,4/24/23,4/25/23,META,META 4/28/2023 Call $222.50,BTO,2,$5.68 ,"($1,136.00)"
4/24/23,4/24/23,4/25/23,META,META 4/28/2023 Call $220.00,STO,2,$6.58 ,"$1,315.97 "
4/24/23,4/24/23,4/25/23,NVDA,NVDA 4/28/2023 Call $280.00,BTO,1,$1.13 ,($113.00)
4/24/23,4/24/23,4/25/23,NVDA,NVDA 4/28/2023 Call $277.50,STO,1,$1.65 ,$164.98 
4/20/23,4/20/23,4/20/23,,ACH Withdrawal,ACH,,,($500.00)
4/20/23,4/20/23,4/21/23,COIN,COIN 4/21/2023 Call $65.00,BTC,2,$0.66 ,($132.00)
4/20/23,4/20/23,4/21/23,COIN,COIN 4/21/2023 Call $65.00,BTC,1,$0.66 ,($66.00)
4/20/23,4/20/23,4/21/23,COIN,COIN 4/21/2023 Call $65.00,BTC,1,$0.66 ,($66.00)
4/20/23,4/20/23,4/21/23,COIN,COIN 4/21/2023 Call $66.00,STC,2,$0.41 ,$81.98 
4/20/23,4/20/23,4/21/23,COIN,COIN 4/21/2023 Call $66.00,STC,1,$0.41 ,$40.98 
4/20/23,4/20/23,4/21/23,COIN,COIN 4/21/2023 Call $66.00,STC,1,$0.41 ,$40.98 
4/20/23,4/20/23,4/21/23,TSLA,TSLA 4/21/2023 Put $162.50,STC,3,$2.19 ,$656.98 
4/20/23,4/20/23,4/21/23,TSLA,TSLA 4/21/2023 Put $165.00,BTC,3,$3.54 ,"($1,062.00)"
4/20/23,4/20/23,4/21/23,TSLA,TSLA 4/21/2023 Put $162.50,STC,7,$0.93 ,$650.97 
4/20/23,4/20/23,4/21/23,TSLA,TSLA 4/21/2023 Put $165.00,BTC,7,$1.61 ,"($1,127.00)"
4/20/23,4/20/23,4/21/23,TSLA,TSLA 4/21/2023 Put $162.50,BTO,10,$1.03 ,"($1,030.00)"
4/20/23,4/20/23,4/21/23,TSLA,TSLA 4/21/2023 Put $165.00,STO,10,$1.73 ,"$1,729.96 "
4/20/23,4/20/23,4/21/23,TSM,TSM 4/21/2023 Call $91.00,STC,5,$0.92 ,$459.98 
4/20/23,4/20/23,4/21/23,TSM,TSM 4/21/2023 Call $90.00,BTC,5,$1.57 ,($785.00)
4/20/23,4/20/23,4/21/23,TSLA,TSLA 4/21/2023 Call $190.00,BTC,3,$0.10 ,($30.00)
4/20/23,4/20/23,4/21/23,TSLA,TSLA 4/21/2023 Call $191.67,STC,3,$0.08 ,$23.98 
4/20/23,4/20/23,4/21/23,TSLA,TSLA 4/21/2023 Call $190.00,BTC,1,$0.10 ,($10.00)
4/20/23,4/20/23,4/21/23,TSLA,TSLA 4/21/2023 Call $191.67,STC,1,$0.08 ,$7.98 
4/19/23,4/19/23,4/20/23,COIN,COIN 4/21/2023 Call $65.00,STO,2,$1.42 ,$283.98 
4/19/23,4/19/23,4/20/23,COIN,COIN 4/21/2023 Call $66.00,BTO,2,$1.04 ,($208.00)
4/19/23,4/19/23,4/20/23,TSLA,TSLA 4/21/2023 Call $190.00,STO,1,$3.42 ,$341.98 
4/19/23,4/19/23,4/20/23,TSLA,TSLA 4/21/2023 Call $190.00,STO,1,$3.42 ,$341.98 
4/19/23,4/19/23,4/20/23,TSLA,TSLA 4/21/2023 Call $191.67,BTO,1,$2.95 ,($295.00)
4/19/23,4/19/23,4/20/23,TSLA,TSLA 4/21/2023 Call $191.67,BTO,1,$2.95 ,($295.00)
4/19/23,4/19/23,4/20/23,TSM,TSM 4/21/2023 Call $91.00,BTO,2,$0.49 ,($98.00)
4/19/23,4/19/23,4/20/23,TSM,TSM 4/21/2023 Call $91.00,BTO,3,$0.49 ,($147.00)
4/19/23,4/19/23,4/20/23,TSM,TSM 4/21/2023 Call $90.00,STO,3,$0.69 ,$206.98 
4/19/23,4/19/23,4/20/23,TSM,TSM 4/21/2023 Call $90.00,STO,2,$0.69 ,$137.98 
4/19/23,4/19/23,4/20/23,TSM,TSM 4/21/2023 Call $92.00,STC,21,$0.32 ,$671.94 
4/19/23,4/19/23,4/20/23,TSM,TSM 4/21/2023 Call $92.00,STC,4,$0.32 ,$127.98 
4/19/23,4/19/23,4/20/23,TSM,TSM 4/21/2023 Call $90.00,BTC,4,$0.70 ,($280.00)
4/19/23,4/19/23,4/20/23,TSM,TSM 4/21/2023 Call $90.00,BTC,21,$0.70 ,"($1,470.00)"
4/19/23,4/19/23,4/20/23,TSM,TSM 4/21/2023 Call $92.00,BTO,15,$0.34 ,($510.00)
4/19/23,4/19/23,4/20/23,TSM,TSM 4/21/2023 Call $90.00,STO,15,$0.67 ,"$1,004.95 "
4/19/23,4/19/23,4/20/23,COIN,COIN 4/21/2023 Call $65.00,STO,2,$1.77 ,$353.98 
4/19/23,4/19/23,4/20/23,COIN,COIN 4/21/2023 Call $66.00,BTO,2,$1.37 ,($274.00)
4/19/23,4/19/23,4/20/23,TSLA,TSLA 4/21/2023 Call $190.00,STO,1,$3.02 ,$301.98 
4/19/23,4/19/23,4/20/23,TSLA,TSLA 4/21/2023 Call $190.00,STO,1,$3.02 ,$301.98 
4/19/23,4/19/23,4/20/23,TSLA,TSLA 4/21/2023 Call $191.67,BTO,1,$2.62 ,($262.00)
4/19/23,4/19/23,4/20/23,TSLA,TSLA 4/21/2023 Call $191.67,BTO,1,$2.62 ,($262.00)
4/19/23,4/19/23,4/20/23,NFLX,NFLX 4/21/2023 Call $380.00,STC,5,$0.01 ,$4.98 
4/19/23,4/19/23,4/20/23,NFLX,NFLX 4/21/2023 Call $375.00,BTC,5,$0.03 ,($15.00)
4/19/23,4/19/23,4/21/23,AMZN,"Amazon
CUSIP: 023135106",Sell,10,$101.67 ,"$1,016.69 "
4/14/23,4/14/23,4/17/23,NFLX,NFLX 4/21/2023 Call $380.00,BTO,3,$3.60 ,"($1,080.00)"
4/14/23,4/14/23,4/17/23,NFLX,NFLX 4/21/2023 Call $380.00,BTO,2,$3.60 ,($720.00)
4/14/23,4/14/23,4/17/23,NFLX,NFLX 4/21/2023 Call $375.00,STO,3,$4.47 ,"$1,340.97 "
4/14/23,4/14/23,4/17/23,NFLX,NFLX 4/21/2023 Call $375.00,STO,2,$4.47 ,$893.98 
4/14/23,4/14/23,4/17/23,TSLA,TSLA 4/14/2023 Put $185.00,BTC,2,$2.12 ,($424.00)
4/14/23,4/14/23,4/17/23,TSLA,TSLA 4/14/2023 Put $182.50,STC,2,$0.84 ,$167.98 
4/13/23,4/13/23,4/14/23,TSLA,TSLA 4/14/2023 Put $185.00,BTC,3,$1.65 ,($495.00)
4/13/23,4/13/23,4/14/23,TSLA,TSLA 4/14/2023 Put $182.50,STC,3,$0.83 ,$248.98 
4/13/23,4/13/23,4/17/23,AMZN,"Amazon
CUSIP: 023135106",Buy,10,$102.32 ,"($1,023.18)"
4/13/23,4/13/23,4/14/23,TSM,TSM 4/21/2023 Call $92.00,BTO,6,$0.77 ,($462.00)
4/13/23,4/13/23,4/14/23,TSM,TSM 4/21/2023 Call $92.00,BTO,4,$0.77 ,($308.00)
4/13/23,4/13/23,4/14/23,TSM,TSM 4/21/2023 Call $90.00,STO,1,$1.30 ,$129.98 
4/13/23,4/13/23,4/14/23,TSM,TSM 4/21/2023 Call $90.00,STO,5,$1.30 ,$649.98 
4/13/23,4/13/23,4/14/23,TSM,TSM 4/21/2023 Call $90.00,STO,4,$1.30 ,$519.98 
4/13/23,4/13/23,4/14/23,TSLA,TSLA 4/14/2023 Put $185.00,STO,5,$1.77 ,$884.98 
4/13/23,4/13/23,4/14/23,TSLA,TSLA 4/14/2023 Put $182.50,BTO,5,$0.93 ,($465.00)
4/13/23,4/13/23,4/13/23,,ACH Deposit,ACH,,,"$5,000.00 "
4/11/23,4/11/23,4/11/23,,ACH Withdrawal,ACH,,,($250.87)
3/31/23,3/31/23,4/3/23,COIN,COIN 3/31/2023 Call $65.00,BTC,4,$3.44 ,"($1,376.00)"
3/31/23,3/31/23,4/3/23,COIN,COIN 3/31/2023 Call $68.00,STC,4,$1.04 ,$415.98 
3/28/23,3/28/23,3/29/23,COIN,COIN 3/31/2023 Call $65.00,STO,4,$2.04 ,$815.98 
3/28/23,3/28/23,3/29/23,COIN,COIN 3/31/2023 Call $68.00,BTO,4,$1.16 ,($464.00)
3/28/23,3/28/23,3/29/23,TSLA,TSLA 3/31/2023 Put $187.50,STC,1,$4.05 ,$404.98 
3/28/23,3/28/23,3/29/23,TSLA,TSLA 3/31/2023 Put $187.50,STC,1,$4.00 ,$399.98 
3/28/23,3/28/23,3/29/23,TSLA,TSLA 3/31/2023 Put $187.50,BTO,2,$3.75 ,($750.00)
3/27/23,3/27/23,3/27/23,,ACH Withdrawal,ACH,,,($73.11)
3/24/23,3/24/23,3/24/23,,Instant bank transfer - account ending in 6978,RTP,,,($35.00)
3/24/23,3/24/23,3/24/23,,Instant bank transfer - withdrawal fee,RTP,,,($0.53)
3/24/23,3/24/23,3/27/23,AMD,AMD 3/24/2023 Call $100.00,BTC,3,$0.11 ,($33.00)
3/24/23,3/24/23,3/27/23,AMD,AMD 3/24/2023 Call $103.00,STC,3,$0.01 ,$2.98 
3/23/23,3/23/23,3/24/23,AMD,AMD 3/24/2023 Call $100.00,STO,1,$1.10 ,$109.98 
3/23/23,3/23/23,3/24/23,AMD,AMD 3/24/2023 Call $100.00,STO,1,$1.10 ,$109.98 
3/23/23,3/23/23,3/24/23,AMD,AMD 3/24/2023 Call $100.00,STO,1,$1.10 ,$109.98 
3/23/23,3/23/23,3/24/23,AMD,AMD 3/24/2023 Call $103.00,BTO,1,$0.29 ,($29.00)
3/23/23,3/23/23,3/24/23,AMD,AMD 3/24/2023 Call $103.00,BTO,1,$0.29 ,($29.00)
3/23/23,3/23/23,3/24/23,AMD,AMD 3/24/2023 Call $103.00,BTO,1,$0.29 ,($29.00)
3/23/23,3/23/23,3/24/23,COIN,COIN 3/24/2023 Call $74.00,STC,1,$0.27 ,$26.98 
3/23/23,3/23/23,3/24/23,COIN,COIN 3/24/2023 Call $74.00,STC,1,$0.26 ,$25.98 
3/23/23,3/23/23,3/24/23,COIN,COIN 3/24/2023 Call $70.00,BTC,1,$0.84 ,($84.00)
3/23/23,3/23/23,3/24/23,COIN,COIN 3/24/2023 Call $70.00,BTC,1,$0.83 ,($83.00)
3/23/23,3/23/23,3/24/23,COIN,COIN 3/24/2023 Call $74.00,BTO,2,$0.64 ,($128.00)
3/23/23,3/23/23,3/24/23,COIN,COIN 3/24/2023 Call $70.00,STO,2,$1.62 ,$323.98 
3/23/23,3/23/23,3/24/23,GME,GME 3/24/2023 Call $24.50,STC,4,$0.92 ,$367.98 
3/23/23,3/23/23,3/24/23,GME,GME 3/24/2023 Call $23.00,BTC,4,$1.77 ,($708.00)
3/23/23,3/23/23,3/24/23,GME,GME 3/24/2023 Call $24.50,BTO,2,$0.49 ,($98.00)
3/23/23,3/23/23,3/24/23,GME,GME 3/24/2023 Call $24.50,BTO,2,$0.49 ,($98.00)
3/23/23,3/23/23,3/24/23,GME,GME 3/24/2023 Call $23.00,STO,2,$1.05 ,$209.98 
3/23/23,3/23/23,3/24/23,GME,GME 3/24/2023 Call $23.00,STO,2,$1.05 ,$209.98 
3/23/23,3/23/23,3/24/23,COIN,COIN 3/24/2023 Call $87.00,STC,1,$0.04 ,$3.98 
3/23/23,3/23/23,3/24/23,COIN,COIN 3/24/2023 Call $80.00,BTC,1,$0.14 ,($14.00)
3/21/23,3/21/23,3/22/23,COIN,COIN 3/24/2023 Call $87.00,BTO,1,$2.60 ,($260.00)
3/21/23,3/21/23,3/22/23,COIN,COIN 3/24/2023 Call $80.00,STO,1,$5.75 ,$574.98 
3/21/23,3/21/23,3/22/23,TSLA,TSLA 3/24/2023 Put $180.00,STC,3,$1.33 ,$398.98 
3/21/23,3/21/23,3/22/23,TSLA,TSLA 3/24/2023 Put $180.00,BTO,3,$1.28 ,($384.00)
3/21/23,3/21/23,3/22/23,COIN,COIN 3/24/2023 Call $74.00,BTC,1,$7.30 ,($730.00)
3/21/23,3/21/23,3/22/23,COIN,COIN 3/24/2023 Call $80.00,STC,1,$3.80 ,$379.98 
3/20/23,3/20/23,3/21/23,COIN,COIN 3/24/2023 Call $80.00,BTO,1,$2.69 ,($269.00)
3/20/23,3/20/23,3/21/23,COIN,COIN 3/24/2023 Call $74.00,STO,1,$5.04 ,$503.98 
3/17/23,3/17/23,3/20/23,TSLA,TSLA 3/17/2023 Call $180.00,BTC,1,$0.39 ,($39.00)
3/17/23,3/17/23,3/20/23,TSLA,TSLA 3/17/2023 Call $185.00,STC,1,$0.03 ,$2.98 
3/15/23,3/15/23,3/16/23,TSLA,TSLA 3/17/2023 Call $180.00,STO,1,$3.72 ,$371.98 
3/15/23,3/15/23,3/16/23,TSLA,TSLA 3/17/2023 Call $185.00,BTO,1,$1.72 ,($172.00)
3/13/23,3/13/23,3/14/23,TSLA,TSLA 3/17/2023 Call $180.00,STC,1,$1.54 ,$153.98 
3/13/23,3/13/23,3/14/23,TSLA,TSLA 3/17/2023 Call $180.00,STC,1,$1.50 ,$149.98 
3/13/23,3/13/23,3/14/23,TSLA,TSLA 3/17/2023 Call $180.00,BTO,2,$1.95 ,($390.00)
3/13/23,3/13/23,3/13/23,,ACH Deposit,ACH,,,$450.00 
1/9/23,1/9/23,1/9/23,,Instant bank transfer - withdrawal fee,RTP,,,($0.24)
1/9/23,1/9/23,1/9/23,,Instant bank transfer - account ending in 6978,RTP,,,($15.68)